videoCardId,partId,chipset,memory,memoryType,coreClock,boostClock,effectiveMemoryClock,color,frameSync,length,tdp,caseSlotWidth,totalSlotWidth,coolingFan,externalPower,dpOutput,hdmiOutput,createdAt,updatedAt
1,1400,GeForce GTX 1660 SUPER,6,GDDR6,1530,1845,14002,Black,G-Sync,206,125,2,2,3,1 PCIe 8-pin,1,1,11/27/2024 10:34,11/27/2024 10:34
2,1401,GeForce GTX 1660 SUPER,6,GDDR6,1530,1860,14002,Black,G-Sync,242,125,2,3,3,1 PCIe 8-pin,1,1,11/27/2024 10:34,11/27/2024 10:34
3,1402,GeForce GTX 1660 SUPER,6,GDDR6,1530,1830,14002,Black / White,G-Sync,174,125,2,2,3,1 PCIe 8-pin,1,1,11/27/2024 10:34,11/27/2024 10:34
4,1403,GeForce GTX 1660 Ti,6,GDDR6,1500,1845,,Black / Gray,G-Sync,206,120,2,3,3,1 PCIe 8-pin,1,2,11/27/2024 10:34,11/27/2024 10:34
5,1404,GeForce GTX 1660,6,GDDR5,1530,1830,8002,Black / White,G-Sync,174,120,2,2,3,1 PCIe 8-pin,1,1,11/27/2024 10:34,11/27/2024 10:34
6,1405,GeForce GTX 1660 SUPER,6,GDDR6,1530,1830,14000,Black,G-Sync,202,125,2,2,3,1 PCIe 8-pin,1,1,11/27/2024 10:34,11/27/2024 10:34
7,1406,GeForce GTX 1660,6,GDDR5,1530,1830,8000,Silver / Black,G-Sync,202,120,2,2,3,1 PCIe 8-pin,1,1,11/27/2024 10:34,11/27/2024 10:34
8,1407,GeForce GTX 1660 Ti,6,GDDR6,1500,1845,12000,Black / Silver,G-Sync,202,120,2,2,3,1 PCIe 8-pin,1,1,11/27/2024 10:34,11/27/2024 10:34
9,1408,GeForce GTX 1660 Ti,6,GDDR6,1500,1770,12000,N/A,G-Sync,190,130,3,3,3,1 PCIe 8-pin,1,1,11/27/2024 10:34,11/27/2024 10:34
10,1409,GeForce GTX 1660 Ti,6,GDDR6,1500,1860,12000,Black,G-Sync,268,160,3,3,3,1 PCIe 8-pin,1,1,11/27/2024 10:34,11/27/2024 10:34
11,1410,GeForce GTX 1660 Ti,6,GDDR6,1500,1800,12000,Black / Gray,G-Sync,226,120,2,2,3,1 PCIe 8-pin,3,1,11/27/2024 10:34,11/27/2024 10:34
12,1411,GeForce GTX 1660 Ti,6,GDDR6,1500,1785,12000,Black / Gray,G-Sync,170,120,2,2,3,1 PCIe 8-pin,3,1,11/27/2024 10:34,11/27/2024 10:34
13,1412,GeForce GTX 1660 SUPER,6,GDDR6,1530,1860,14000,Black / Silver,G-Sync,280,125,2,2,3,1 PCIe 8-pin,3,1,11/27/2024 10:34,11/27/2024 10:34
14,1413,GeForce GTX 1660 SUPER,6,GDDR6,1530,1815,14000,Black / Silver,G-Sync,204,125,2,2,3,1 PCIe 8-pin,3,1,11/27/2024 10:34,11/27/2024 10:34
15,1414,GeForce GTX 1660 Ti,6,GDDR6,1500,1875,12000,Black,G-Sync,247,120,2,2,3,1 PCIe 8-pin,3,1,11/27/2024 10:34,11/27/2024 10:34
16,1415,GeForce GTX 1660 Ti,6,GDDR6,1500,1830,12000,N/A,G-Sync,204,120,2,2,3,1 PCIe 8-pin,3,1,11/27/2024 10:34,11/27/2024 10:34
17,1416,GeForce GTX 1660 SUPER,6,GDDR6,1530,1830,14000,Black,G-Sync,247,125,2,2,3,1 PCIe 8-pin,3,1,11/27/2024 10:34,11/27/2024 10:34
18,1417,GeForce GTX 1660 Ti,6,GDDR6,1500,1860,12000,Black / White,G-Sync,243,120,2,2,3,1 PCIe 8-pin,3,1,11/27/2024 10:34,11/27/2024 10:34
19,1418,GeForce RTX 3050 6GB,6,GDDR6,1040,1537,,Black,G-Sync,201,70,2,2,3,None,1,1,11/27/2024 10:34,11/27/2024 10:34
20,1419,GeForce RTX 3050 8GB,8,GDDR6,1550,1852,,Black,G-Sync,200,130,2,2,3,1 PCIe 6-pin,1,1,11/27/2024 10:34,11/27/2024 10:34
21,1420,GeForce RTX 3050 6GB,6,GDDR6,1040,1500,,Black,G-Sync,201,70,2,2,3,None,1,1,11/27/2024 10:34,11/27/2024 10:34
22,1421,GeForce RTX 3050 8GB,8,GDDR6,1550,1807,,Black,G-Sync,178,130,2,2,3,1 PCIe 6-pin,1,1,11/27/2024 10:34,11/27/2024 10:34
23,1422,GeForce RTX 3050 6GB,6,GDDR6,1040,1537,,Black,G-Sync,182,70,2,2,3,None,1,1,11/27/2024 10:34,11/27/2024 10:34
24,1423,GeForce RTX 3050 8GB,8,GDDR6,1550,1852,,Black,G-Sync,200,130,2,2,3,1 PCIe 8-pin,3,1,11/27/2024 10:34,11/27/2024 10:34
25,1424,GeForce RTX 3050 8GB,8,GDDR6,1550,1807,,Black,G-Sync,177,130,2,3,3,1 PCIe 8-pin,3,1,11/27/2024 10:34,11/27/2024 10:34
26,1425,GeForce RTX 3060 12GB,12,GDDR6,1320,1867,15000,Black,G-Sync,200,170,2,2,3,1 PCIe 8-pin,3,1,11/27/2024 10:34,11/27/2024 10:34
27,1426,GeForce RTX 3060 Ti,8,GDDR6X,1410,1785,19000,Black,G-Sync,302,200,2,3,3,2 PCIe 8-pin,3,2,11/27/2024 10:34,11/27/2024 10:34
28,1427,GeForce RTX 3060 12GB,12,GDDR6,1320,1807,15000,Black,G-Sync,177,170,2,3,3,1 PCIe 8-pin,3,1,11/27/2024 10:34,11/27/2024 10:34
29,1428,GeForce RTX 3060 Ti,8,GDDR6X,1410,1710,19000,White,G-Sync,230,200,2,2,3,2 PCIe 8-pin,3,1,11/27/2024 10:34,11/27/2024 10:34
30,1429,GeForce RTX 3070,8,GDDR6,1500,1845,14000,Black,G-Sync,300,220,2,3,3,2 PCIe 8-pin,3,2,11/27/2024 10:34,11/27/2024 10:34
31,1430,GeForce RTX 3070 Ti,8,GDDR6X,1575,1815,19000,Black / Silver,G-Sync,300,290,2,3,3,2 PCIe 8-pin,3,2,11/27/2024 10:34,11/27/2024 10:34
32,1431,GeForce RTX 3070 Ti,8,GDDR6X,1575,,19000,Black / Silver,G-Sync,318,290,2,3,3,3 PCIe 8-pin,3,2,11/27/2024 10:34,11/27/2024 10:34
33,1432,GeForce RTX 3070,8,GDDR6,1500,,14000,Black,G-Sync,267,220,2,3,3,2 PCIe 8-pin,3,2,11/27/2024 10:34,11/27/2024 10:34
34,1433,GeForce RTX 3070,8,GDDR6,1500,1905,14000,Black,G-Sync,318,220,2,3,3,2 PCIe 8-pin,3,2,11/27/2024 10:34,11/27/2024 10:34
35,1434,GeForce RTX 3070 Ti,8,GDDR6X,1575,1800,19000,Black / Silver,G-Sync,300,290,2,3,3,2 PCIe 8-pin,3,2,11/27/2024 10:34,11/27/2024 10:34
36,1435,GeForce RTX 3070,8,GDDR6,1500,1845,14000,Black / Silver,G-Sync,275,220,2,3,3,2 PCIe 8-pin,3,2,11/27/2024 10:34,11/27/2024 10:34
37,1436,GeForce RTX 3080 Ti,12,GDDR6X,1365,1695,19000,Black,G-Sync,300,350,2,3,3,2 PCIe 8-pin,3,2,11/27/2024 10:34,11/27/2024 10:34
38,1437,GeForce RTX 3080 Ti,12,GDDR6X,1365,1845,19000,Black / Silver,G-Sync,318,350,2,3,3,3 PCIe 8-pin,3,2,11/27/2024 10:34,11/27/2024 10:34
39,1438,GeForce RTX 3080 10GB,10,GDDR6X,1440,1935,19000,White,G-Sync,318,320,2,3,3,3 PCIe 8-pin,3,2,11/27/2024 10:34,11/27/2024 10:34
40,1439,GeForce RTX 3080 Ti,12,GDDR6X,1365,1695,19000,Black,G-Sync,300,350,2,3,3,2 PCIe 8-pin,3,2,11/27/2024 10:34,11/27/2024 10:34
41,1440,GeForce RTX 3090,24,GDDR6X,1395,1890,19500,Black,G-Sync,318,350,2,3,3,3 PCIe 8-pin,3,2,11/27/2024 10:34,11/27/2024 10:34
42,1441,GeForce RTX 3090,24,GDDR6X,1395,,19500,Black,G-Sync,300,350,2,3,3,2 PCIe 8-pin,3,2,11/27/2024 10:34,11/27/2024 10:34
43,1442,GeForce RTX 3090,24,GDDR6X,1395,1890,19500,White / Black,G-Sync,318,350,2,3,3,3 PCIe 8-pin,3,2,11/27/2024 10:34,11/27/2024 10:34
44,1443,GeForce RTX 3090 Ti,24,GDDR6X,1560,1950,21000,Black,G-Sync,326,450,2,4,3,1 PCIe 16-pin,3,2,11/27/2024 10:34,11/27/2024 10:34
45,1444,GeForce RTX 3050 8GB,8,GDDR6,1550,1845,,Black,G-Sync,202,130,2,2,3,1 PCIe 8-pin,3,1,11/27/2024 10:34,11/27/2024 10:34
46,1445,GeForce RTX 3060 12GB,12,GDDR6,1320,1882,15000,Black,G-Sync,202,170,2,2,3,1 PCIe 8-pin,3,1,11/27/2024 10:34,11/27/2024 10:34
47,1446,GeForce RTX 3060 Ti,8,GDDR6,1410,1710,14000,Black,G-Sync,202,200,2,2,3,1 PCIe 8-pin,3,1,11/27/2024 10:34,11/27/2024 10:34
48,1447,GeForce RTX 3060 12GB,12,GDDR6,1320,1777,15000,Black,G-Sync,202,170,2,2,3,1 PCIe 8-pin,3,1,11/27/2024 10:34,11/27/2024 10:34
49,1448,GeForce RTX 3070,8,GDDR6,1500,1770,14000,Black / Silver,G-Sync,285,220,2,3,3,2 PCIe 8-pin,3,1,11/27/2024 10:34,11/27/2024 10:34
50,1449,GeForce RTX 3070,8,GDDR6,1500,1815,14000,Black / Silver,G-Sync,300,220,2,3,3,2 PCIe 8-pin,3,1,11/27/2024 10:34,11/27/2024 10:34
51,1450,GeForce RTX 3070 Ti,8,GDDR6X,1575,1815,19000,Black,G-Sync,285,290,2,3,3,2 PCIe 8-pin,3,1,11/27/2024 10:34,11/27/2024 10:34
52,1451,GeForce RTX 3070,8,GDDR6,1500,1725,14000,Black / Silver,G-Sync,285,220,2,3,3,2 PCIe 8-pin,3,1,11/27/2024 10:34,11/27/2024 10:34
53,1452,GeForce RTX 3080 10GB,10,GDDR6X,1440,1800,19000,Black,G-Sync,300,320,2,3,3,3 PCIe 8-pin,3,1,11/27/2024 10:34,11/27/2024 10:34
54,1453,GeForce RTX 3080 Ti,12,GDDR6X,1365,1800,,Black,G-Sync,300,350,2,3,3,3 PCIe 8-pin,3,1,11/27/2024 10:34,11/27/2024 10:34
55,1454,GeForce RTX 3080 10GB,10,GDDR6X,1440,1755,19000,Black,G-Sync,285,320,2,3,3,2 PCIe 8-pin,3,1,11/27/2024 10:34,11/27/2024 10:34
56,1455,GeForce RTX 3080 Ti,12,GDDR6X,1365,1725,,Black,G-Sync,300,350,2,3,3,3 PCIe 8-pin,3,1,11/27/2024 10:34,11/27/2024 10:34
57,1456,GeForce RTX 3080 10GB,10,GDDR6X,1440,1710,19000,Black,G-Sync,285,320,2,3,3,2 PCIe 8-pin,3,1,11/27/2024 10:34,11/27/2024 10:34
58,1457,GeForce RTX 3090,24,GDDR6X,1395,1800,19500,Black,G-Sync,300,350,2,3,3,3 PCIe 8-pin,3,1,11/27/2024 10:34,11/27/2024 10:34
59,1458,GeForce RTX 3090 Ti,24,GDDR6X,1560,1920,,Black,G-Sync,300,450,2,4,3,1 PCIe 16-pin,3,1,11/27/2024 10:34,11/27/2024 10:34
60,1459,GeForce RTX 3090,24,GDDR6X,1395,1725,19500,Black / Red,G-Sync,285,350,2,3,3,2 PCIe 8-pin,3,1,11/27/2024 10:34,11/27/2024 10:34
61,1460,GeForce RTX 3090 Ti,24,GDDR6X,1560,1890,,Black,G-Sync,300,450,2,4,3,1 PCIe 16-pin,3,1,11/27/2024 10:34,11/27/2024 10:34
62,1461,GeForce RTX 3050 6GB,6,GDDR6,1040,1477,,Black / Gray,G-Sync,191,70,2,2,3,None,2,2,11/27/2024 10:34,11/27/2024 10:34
63,1462,GeForce RTX 3050 6GB,6,GDDR6,1040,1477,,Black,G-Sync,181,70,2,2,3,None,2,2,11/27/2024 10:34,11/27/2024 10:34
64,1463,GeForce RTX 3050 8GB,8,GDDR6,1550,,,Black,G-Sync,282,130,2,2,3,1 PCIe 8-pin,2,2,11/27/2024 10:34,11/27/2024 10:34
65,1464,GeForce RTX 3050 6GB,6,GDDR6,1040,1500,,Black,G-Sync,192,70,2,2,3,None,2,2,11/27/2024 10:34,11/27/2024 10:34
66,1465,GeForce RTX 3060 12GB,12,GDDR6,1320,1792,15000,Black,G-Sync,198,170,2,2,3,1 PCIe 8-pin,2,2,11/27/2024 10:34,11/27/2024 10:34
67,1466,GeForce RTX 3060 Ti,8,GDDR6,1410,1740,1400,Black / Silver,G-Sync,282,200,2,2,3,1 PCIe 8-pin,2,2,11/27/2024 10:34,11/27/2024 10:34
68,1467,GeForce RTX 3060 12GB,12,GDDR6,1320,1792,15000,Black,G-Sync,198,170,2,2,3,1 PCIe 8-pin,2,2,11/27/2024 10:34,11/27/2024 10:34
69,1468,GeForce RTX 3070,8,GDDR6,1500,1815,14000,Black / Silver,G-Sync,286,220,2,3,3,1 PCIe 8-pin + 1 PCIe 6-pin,2,2,11/27/2024 10:34,11/27/2024 10:34
70,1469,GeForce RTX 3070 Ti,8,GDDR6X,1575,1830,19000,Black / Silver,G-Sync,320,290,2,3,3,2 PCIe 8-pin,2,2,11/27/2024 10:34,11/27/2024 10:34
71,1470,GeForce RTX 3070,8,GDDR6,1500,1845,14000,Black,G-Sync,290,220,2,3,3,2 PCIe 8-pin,3,3,11/27/2024 10:34,11/27/2024 10:34
72,1471,GeForce RTX 3070 Ti,8,GDDR6X,1575,1830,19000,White / Silver,G-Sync,320,290,2,3,3,2 PCIe 8-pin,2,2,11/27/2024 10:34,11/27/2024 10:34
73,1472,GeForce RTX 3070 Ti,8,GDDR6X,1575,1875,19000,Black,G-Sync,324,290,2,4,3,2 PCIe 8-pin + 1 PCIe 6-pin,3,3,11/27/2024 10:34,11/27/2024 10:34
74,1473,GeForce RTX 3080 Ti,12,GDDR6X,1365,1770,19000,Black / Silver,G-Sync,320,350,2,3,3,2 PCIe 8-pin,3,2,11/27/2024 10:34,11/27/2024 10:34
75,1474,GeForce RTX 3080 Ti,12,GDDR6X,1365,1770,,White / Silver,G-Sync,320,350,2,3,3,2 PCIe 8-pin,3,2,11/27/2024 10:34,11/27/2024 10:34
76,1475,GeForce RTX 3080 10GB,10,GDDR6X,1440,,19000,Black,G-Sync,319,320,2,3,3,2 PCIe 8-pin,3,3,11/27/2024 10:34,11/27/2024 10:34
77,1476,GeForce RTX 3090 Ti,24,GDDR6X,1560,1905,,Black,G-Sync,331,450,2,4,3,1 PCIe 16-pin,3,1,11/27/2024 10:34,11/27/2024 10:34
78,1477,GeForce RTX 3090,24,GDDR6X,1395,1860,19500,Black,G-Sync,319,350,2,4,3,3 PCIe 8-pin,3,3,11/27/2024 10:34,11/27/2024 10:34
79,1478,GeForce RTX 3090,24,GDDR6X,1395,1695,19500,Black,G-Sync,267,350,2,2,3,2 PCIe 8-pin,2,2,11/27/2024 10:34,11/27/2024 10:34
80,1479,GeForce RTX 3050 6GB,6,GDDR6,1040,1492,,Black,G-Sync,189,70,2,2,3,None,1,2,11/27/2024 10:34,11/27/2024 10:34
81,1480,GeForce RTX 3050 6GB,6,GDDR6,1040,1492,,Black,G-Sync,174,70,2,2,3,None,1,2,11/27/2024 10:34,11/27/2024 10:34
82,1481,GeForce RTX 3050 8GB,8,GDDR6,1550,1807,,Black / Gray,G-Sync,205,115,2,3,3,1 PCIe 6-pin,1,1,11/27/2024 10:34,11/27/2024 10:34
83,1482,GeForce RTX 3050 6GB,6,GDDR6,1040,1507,,Black,G-Sync,205,70,2,2,3,None,1,2,11/27/2024 10:34,11/27/2024 10:34
84,1483,GeForce RTX 3050 8GB,8,GDDR6,1550,,,Black,G-Sync,235,130,2,2,3,1 PCIe 8-pin,3,1,11/27/2024 10:34,11/27/2024 10:34
85,1484,GeForce RTX 3060 12GB,12,GDDR6,1320,1777,15000,Black,G-Sync,235,170,2,2,3,1 PCIe 8-pin,3,1,11/27/2024 10:34,11/27/2024 10:34
86,1485,GeForce RTX 3060 12GB,12,GDDR6,1320,1807,15000,Black,G-Sync,316,170,2,2,3,1 PCIe 8-pin,3,1,11/27/2024 10:34,11/27/2024 10:34
87,1486,GeForce RTX 3060 8GB,8,GDDR6,1320,1807,15000,Black,G-Sync,235,170,2,2,3,1 PCIe 8-pin,3,1,11/27/2024 10:34,11/27/2024 10:34
88,1487,GeForce RTX 3060 12GB,12,GDDR6,1320,1837,15000,Black / Silver,G-Sync,276,170,2,3,3,1 PCIe 8-pin + 1 PCIe 6-pin,3,1,11/27/2024 10:34,11/27/2024 10:34
89,1488,GeForce RTX 3070,8,GDDR6,1500,1755,14000,Black / Silver,G-Sync,305,220,2,3,3,2 PCIe 8-pin,3,1,11/27/2024 10:34,11/27/2024 10:34
90,1489,GeForce RTX 3070 Ti,8,GDDR6X,1575,1800,19000,Black / Silver,G-Sync,316,290,2,3,3,2 PCIe 8-pin,3,1,11/27/2024 10:34,11/27/2024 10:34
91,1490,GeForce RTX 3070,8,GDDR6,1500,1830,14000,Black / Silver,G-Sync,323,240,2,3,3,2 PCIe 8-pin,3,1,11/27/2024 10:34,11/27/2024 10:34
92,1491,GeForce RTX 3070 Ti,8,GDDR6X,1575,1830,19000,Black / Silver,G-Sync,323,310,2,3,3,2 PCIe 8-pin,3,1,11/27/2024 10:34,11/27/2024 10:34
93,1492,GeForce RTX 3070,8,GDDR6,1500,1755,14000,Black / Silver,G-Sync,232,220,2,3,3,2 PCIe 8-pin,3,1,11/27/2024 10:34,11/27/2024 10:34
94,1493,GeForce RTX 3080 10GB,10,GDDR6X,1440,,,Black,G-Sync,305,320,2,3,3,2 PCIe 8-pin,3,1,11/27/2024 10:34,11/27/2024 10:34
95,1494,GeForce RTX 3080 Ti,12,GDDR6X,1365,1770,19000,Black / Silver,G-Sync,324,350,2,3,3,3 PCIe 8-pin,3,1,11/27/2024 10:34,11/27/2024 10:34
96,1495,GeForce RTX 3080 10GB,10,GDDR6X,1440,,,Black,G-Sync,323,320,2,3,3,3 PCIe 8-pin,3,1,11/27/2024 10:34,11/27/2024 10:34
97,1496,GeForce RTX 3080 Ti,12,GDDR6X,1365,1695,19000,Black / Silver,G-Sync,305,350,2,3,3,2 PCIe 8-pin,3,1,11/27/2024 10:34,11/27/2024 10:34
98,1497,GeForce RTX 3080 10GB,10,GDDR6X,1440,1920,19000,Black / Silver,G-Sync,336,370,2,3,3,3 PCIe 8-pin,3,1,11/27/2024 10:34,11/27/2024 10:34
99,1498,GeForce RTX 3080 Ti,12,GDDR6X,1365,1845,19000,Black / Silver,G-Sync,336,400,2,3,3,3 PCIe 8-pin,3,1,11/27/2024 10:34,11/27/2024 10:34
100,1499,GeForce RTX 3090,24,GDDR6X,1395,,,Black,G-Sync,305,350,2,3,3,2 PCIe 8-pin,3,1,11/27/2024 10:34,11/27/2024 10:34
101,1500,GeForce RTX 3090 Ti,24,GDDR6X,1560,1920,,Black,G-Sync,325,450,3,3,3,1 PCIe 16-pin,3,1,11/27/2024 10:34,11/27/2024 10:34
102,1501,GeForce RTX 3090,24,GDDR6X,1395,,,Black,G-Sync,335,350,2,3,3,3 PCIe 8-pin,3,1,11/27/2024 10:34,11/27/2024 10:34
103,1502,GeForce RTX 3090,24,GDDR6X,1395,1875,19500,Silver,G-Sync,336,420,2,3,3,3 PCIe 8-pin,3,1,11/27/2024 10:34,11/27/2024 10:34
104,1503,GeForce RTX 4060,8,GDDR6,1830,2535,,Black,G-Sync,227,115,2,3,3,1 PCIe 8-pin,3,1,11/27/2024 10:34,11/27/2024 10:34
105,1504,GeForce RTX 4060 Ti,16,GDDR6,2310,2685,,Black / Gold,G-Sync,300,165,2,3,3,1 PCIe 8-pin,3,1,11/27/2024 10:34,11/27/2024 10:34
106,1505,GeForce RTX 4060,8,GDDR6,1830,2535,,White,G-Sync,227,115,2,3,3,1 PCIe 8-pin,3,1,11/27/2024 10:34,11/27/2024 10:34
107,1506,GeForce RTX 4060 Ti,16,GDDR6,2310,2625,18000,Black,G-Sync,227,165,2,3,3,1 PCIe 8-pin,3,1,11/27/2024 10:34,11/27/2024 10:34
108,1507,GeForce RTX 4060 Ti,8,GDDR6,2310,2595,,White,G-Sync,227,165,2,3,3,1 PCIe 8-pin,3,1,11/27/2024 10:34,11/27/2024 10:34
109,1508,GeForce RTX 4060,8,GDDR6,1830,2535,17000,Black,G-Sync,202,115,2,2,3,1 PCIe 8-pin,3,1,11/27/2024 10:34,11/27/2024 10:34
110,1509,GeForce RTX 4060 Ti,8,GDDR6,2310,2595,,Black,G-Sync,227,165,2,3,3,1 PCIe 8-pin,3,1,11/27/2024 10:34,11/27/2024 10:34
111,1510,GeForce RTX 4060,8,GDDR6,1830,2700,,Black,G-Sync,311,115,2,4,3,1 PCIe 8-pin,3,1,11/27/2024 10:34,11/27/2024 10:34
112,1511,GeForce RTX 4060 Ti,8,GDDR6,2310,2655,,Black,G-Sync,300,165,2,4,3,1 PCIe 8-pin,3,1,11/27/2024 10:34,11/27/2024 10:34
113,1512,GeForce RTX 4060 Ti,8,GDDR6,2310,2595,,Black,G-Sync,227,165,2,3,3,1 PCIe 8-pin,3,1,11/27/2024 10:34,11/27/2024 10:34
114,1513,GeForce RTX 4060,8,GDDR6,1830,2580,,Black / Gold,G-Sync,300,115,2,3,3,1 PCIe 8-pin,3,1,11/27/2024 10:34,11/27/2024 10:34
115,1514,GeForce RTX 4060,8,GDDR6,1830,2520,,Black,G-Sync,188,115,2,2,3,1 PCIe 6-pin,2,2,11/27/2024 10:34,11/27/2024 10:34
116,1515,GeForce RTX 4060 Ti,8,GDDR6,2310,2715,,Black,G-Sync,311,165,2,4,3,1 PCIe 8-pin,3,1,11/27/2024 10:34,11/27/2024 10:34
117,1516,GeForce RTX 4060 Ti,8,GDDR6,2310,2565,,White,G-Sync,227,165,2,3,3,1 PCIe 8-pin,3,1,11/27/2024 10:34,11/27/2024 10:34
118,1517,GeForce RTX 4060 Ti,8,GDDR6,2310,2565,,Black,G-Sync,300,165,2,4,3,1 PCIe 8-pin,3,1,11/27/2024 10:34,11/27/2024 10:34
119,1518,GeForce RTX 4070 Ti SUPER,16,GDDR6X,2340,2670,,Black,G-Sync,305,285,2,4,3,1 PCIe 16-pin,3,2,11/27/2024 10:34,11/27/2024 10:34
120,1519,GeForce RTX 4070 SUPER,12,GDDR6X,1980,2550,,Black,G-Sync,227,220,2,3,3,1 PCIe 16-pin,3,1,11/27/2024 10:34,11/27/2024 10:34
121,1520,GeForce RTX 4070 Ti SUPER,16,GDDR6X,2340,2670,,White,G-Sync,305,285,2,4,3,1 PCIe 16-pin,3,2,11/27/2024 10:34,11/27/2024 10:34
122,1521,GeForce RTX 4070 SUPER,12,GDDR6X,1980,2595,,Black,G-Sync,301,220,2,4,3,1 PCIe 16-pin,3,1,11/27/2024 10:34,11/27/2024 10:34
123,1522,GeForce RTX 4070 Ti SUPER,16,GDDR6X,2340,2670,,Black / Gold,G-Sync,300,285,2,3,3,1 PCIe 16-pin,3,1,11/27/2024 10:34,11/27/2024 10:34
124,1523,GeForce RTX 4070 Ti SUPER,16,GDDR6X,2340,2700,,Black,G-Sync,336,285,2,4,3,1 PCIe 16-pin,3,2,11/27/2024 10:34,11/27/2024 10:34
125,1524,GeForce RTX 4070,12,GDDR6X,2520,2550,,White,G-Sync,267,200,2,3,3,1 PCIe 8-pin,3,1,11/27/2024 10:34,11/27/2024 10:34
126,1525,GeForce RTX 4070 Ti SUPER,16,GDDR6X,2340,2655,,Black,G-Sync,267,285,2,3,3,1 PCIe 16-pin,3,1,11/27/2024 10:34,11/27/2024 10:34
127,1526,GeForce RTX 4070 SUPER,12,GDDR6X,1980,2550,,White,G-Sync,267,220,2,3,3,1 PCIe 16-pin,3,1,11/27/2024 10:34,11/27/2024 10:34
128,1527,GeForce RTX 4070,12,GDDR6X,1920,2550,,Black,G-Sync,227,200,2,3,3,1 PCIe 8-pin,3,1,11/27/2024 10:34,11/27/2024 10:34
129,1528,GeForce RTX 4070 SUPER,12,GDDR6X,1980,2550,,Black,G-Sync,269,220,2,3,3,1 PCIe 16-pin,3,1,11/27/2024 10:34,11/27/2024 10:34
130,1529,GeForce RTX 4070 SUPER,12,GDDR6X,1980,2565,,Black / Gold,G-Sync,300,220,2,3,3,1 PCIe 16-pin,3,1,11/27/2024 10:34,11/27/2024 10:34
131,1530,GeForce RTX 4070 Ti,12,GDDR6X,2310,2760,,Black,G-Sync,305,285,2,4,3,1 PCIe 16-pin,3,2,11/27/2024 10:34,11/27/2024 10:34
132,1531,GeForce RTX 4070 SUPER,12,GDDR6X,1980,2670,,Black,G-Sync,339,220,2,4,3,1 PCIe 16-pin,3,1,11/27/2024 10:34,11/27/2024 10:34
133,1532,GeForce RTX 4070,12,GDDR6X,1920,2550,,White,G-Sync,227,200,2,3,3,1 PCIe 8-pin,3,1,11/27/2024 10:34,11/27/2024 10:34
134,1533,GeForce RTX 4070 SUPER,12,GDDR6X,1980,2550,,Black,G-Sync,267,220,2,3,3,1 PCIe 16-pin,3,1,11/27/2024 10:34,11/27/2024 10:34
135,1534,GeForce RTX 4070 SUPER,12,GDDR6X,1980,2505,,Black,G-Sync,227,220,2,3,3,1 PCIe 16-pin,3,1,11/27/2024 10:34,11/27/2024 10:34
136,1535,GeForce RTX 4070,12,GDDR6X,1920,2565,,Black,G-Sync,300,200,2,3,3,1 PCIe 8-pin,3,1,11/27/2024 10:34,11/27/2024 10:34
137,1536,GeForce RTX 4080 SUPER,16,GDDR6X,2210,2580,,Black,G-Sync,348,320,2,4,3,1 PCIe 16-pin,3,2,11/27/2024 10:34,11/27/2024 10:34
138,1537,GeForce RTX 4080 SUPER,16,GDDR6X,2210,2640,,Black / Gold,G-Sync,300,320,2,3,3,1 PCIe 16-pin,3,1,11/27/2024 10:34,11/27/2024 10:34
139,1538,GeForce RTX 4080 SUPER,16,GDDR6X,2210,2670,,Black,G-Sync,358,320,2,4,3,1 PCIe 16-pin,3,2,11/27/2024 10:34,11/27/2024 10:34
140,1539,GeForce RTX 4080 SUPER,16,GDDR6X,2210,2640,,Black,G-Sync,348,320,2,4,3,1 PCIe 16-pin,3,2,11/27/2024 10:34,11/27/2024 10:34
141,1540,GeForce RTX 4080 SUPER,16,GDDR6X,2210,2670,,White,G-Sync,358,320,2,4,3,1 PCIe 16-pin,3,2,11/27/2024 10:34,11/27/2024 10:34
142,1541,GeForce RTX 4080 SUPER,16,GDDR6X,2210,2580,,White,G-Sync,358,320,2,4,3,1 PCIe 16-pin,3,2,11/27/2024 10:34,11/27/2024 10:34
143,1542,GeForce RTX 4080 SUPER,16,GDDR6X,2210,2580,,Black,G-Sync,358,320,2,4,3,1 PCIe 16-pin,3,2,11/27/2024 10:34,11/27/2024 10:34
144,1543,GeForce RTX 4080,16,GDDR6X,2205,2535,22400,Black,G-Sync,348,320,4,4,3,1 PCIe 16-pin,3,2,11/27/2024 10:34,11/27/2024 10:34
145,1544,GeForce RTX 4080,16,GDDR6X,2205,2625,22400,Black,G-Sync,348,320,2,4,3,1 PCIe 16-pin,3,2,11/27/2024 10:34,11/27/2024 10:34
146,1545,GeForce RTX 4080,16,GDDR6X,2205,2625,,Black / Gold,G-Sync,300,320,2,3,3,1 PCIe 16-pin,3,1,11/27/2024 10:34,11/27/2024 10:34
147,1546,GeForce RTX 4080,16,GDDR6X,2205,2625,,Brown / Beige,G-Sync,310,320,2,5,3,1 PCIe 16-pin,3,2,11/27/2024 10:34,11/27/2024 10:34
148,1547,GeForce RTX 4080,16,GDDR6X,2205,2535,22400,Black,G-Sync,358,320,2,4,3,1 PCIe 16-pin,3,1,11/27/2024 10:34,11/27/2024 10:34
149,1548,GeForce RTX 4090,24,GDDR6X,2235,2640,21000,Black,G-Sync,358,450,2,4,3,1 PCIe 16-pin,3,2,11/27/2024 10:34,11/27/2024 10:34
150,1549,GeForce RTX 4090,24,GDDR6X,2235,2640,,White,G-Sync,358,450,2,4,3,1 PCIe 16-pin,3,2,11/27/2024 10:34,11/27/2024 10:34
151,1550,GeForce RTX 4090,24,GDDR6X,2235,2595,21000,Black,G-Sync,348,450,2,4,3,1 PCIe 16-pin,3,2,11/27/2024 10:34,11/27/2024 10:34
152,1551,GeForce RTX 4090,24,GDDR6X,2235,2595,,Black,G-Sync,326,450,2,4,3,1 PCIe 16-pin,3,2,11/27/2024 10:34,11/27/2024 10:34
153,1552,GeForce RTX 4090,24,GDDR6X,2235,2640,,Red / Black,G-Sync,358,450,2,4,3,1 PCIe 16-pin,3,2,11/27/2024 10:34,11/27/2024 10:34
154,1553,GeForce RTX 4090,24,GDDR6X,2235,2550,,White,G-Sync,358,450,2,4,3,1 PCIe 16-pin,3,2,11/27/2024 10:34,11/27/2024 10:34
155,1554,GeForce RTX 4090,24,GDDR6X,2235,2550,21000,Black,G-Sync,358,450,2,4,3,1 PCIe 16-pin,3,2,11/27/2024 10:34,11/27/2024 10:34
156,1555,GeForce RTX 4090,24,GDDR6X,2235,2550,21000,Black,G-Sync,348,450,2,4,3,1 PCIe 16-pin,3,2,11/27/2024 10:34,11/27/2024 10:34
157,1556,GeForce RTX 4090,24,GDDR6X,2235,2550,,Black,G-Sync,326,450,2,4,3,1 PCIe 16-pin,3,2,11/27/2024 10:34,11/27/2024 10:34
158,1557,GeForce RTX 4060,8,GDDR6,1830,,,Black,G-Sync,192,115,2,2,3,1 PCIe 8-pin,2,2,11/27/2024 10:34,11/27/2024 10:34
159,1558,GeForce RTX 4060,8,GDDR6,1830,,,White,G-Sync,281,115,2,2,3,1 PCIe 8-pin,2,2,11/27/2024 10:34,11/27/2024 10:34
160,1559,GeForce RTX 4060 Ti,8,GDDR6,2310,,,Black,G-Sync,272,165,2,2,3,1 PCIe 8-pin,2,2,11/27/2024 10:34,11/27/2024 10:34
161,1560,GeForce RTX 4060,8,GDDR6,1830,,,Black,G-Sync,281,115,2,2,3,1 PCIe 8-pin,2,2,11/27/2024 10:34,11/27/2024 10:34
162,1561,GeForce RTX 4060,8,GDDR6,1830,,,Black,G-Sync,272,115,2,2,3,1 PCIe 8-pin,2,2,11/27/2024 10:34,11/27/2024 10:34
163,1562,GeForce RTX 4060 Ti,16,GDDR6,2310,2565,,Black / Silver,G-Sync,201,165,2,2,3,1 PCIe 8-pin,2,2,11/27/2024 10:34,11/27/2024 10:34
164,1563,GeForce RTX 4060 Ti,8,GDDR6,2310,2550,,Black / Silver,G-Sync,201,165,2,2,3,1 PCIe 8-pin,2,2,11/27/2024 10:34,11/27/2024 10:34
165,1564,GeForce RTX 4060 Ti,8,GDDR6,2310,2550,,White,G-Sync,272,165,2,2,3,1 PCIe 8-pin,2,2,11/27/2024 10:34,11/27/2024 10:34
166,1565,GeForce RTX 4060,8,GDDR6,1830,2475,17000,Black,G-Sync,182,115,2,2,3,1 PCIe 8-pin,2,2,11/27/2024 10:34,11/27/2024 10:34
167,1566,GeForce RTX 4060 Ti,8,GDDR6,2310,,,White / Silver,G-Sync,281,165,2,3,3,1 PCIe 8-pin,2,2,11/27/2024 10:34,11/27/2024 10:34
168,1567,GeForce RTX 4060,8,GDDR6,1830,2505,,White,G-Sync,272,115,2,2,3,1 PCIe 8-pin,2,2,11/27/2024 10:34,11/27/2024 10:34
169,1568,GeForce RTX 4060 Ti,16,GDDR6,2310,2595,,Black,G-Sync,281,165,2,3,3,1 PCIe 8-pin,3,1,11/27/2024 10:34,11/27/2024 10:34
170,1569,GeForce RTX 4060 Ti,16,GDDR6,2310,2595,,White / Silver,G-Sync,281,165,2,3,3,1 PCIe 8-pin,3,1,11/27/2024 10:34,11/27/2024 10:34
171,1570,GeForce RTX 4060 Ti,8,GDDR6,2310,,,Black,G-Sync,281,165,2,3,3,1 PCIe 8-pin,2,2,11/27/2024 10:34,11/27/2024 10:34
172,1571,GeForce RTX 4060 Ti,8,GDDR6,2310,,,Black,G-Sync,272,165,2,2,3,1 PCIe 8-pin,2,2,11/27/2024 10:34,11/27/2024 10:34
173,1572,GeForce RTX 4060,8,GDDR6,1830,,,Black / Silver,G-Sync,299,115,2,3,3,1 PCIe 8-pin,2,2,11/27/2024 10:34,11/27/2024 10:34
174,1573,GeForce RTX 4070 SUPER,12,GDDR6X,1980,2505,,Black,G-Sync,261,220,2,3,3,1 PCIe 16-pin,3,1,11/27/2024 10:34,11/27/2024 10:34
175,1574,GeForce RTX 4070 Ti SUPER,16,GDDR6X,2340,2625,,Black,G-Sync,261,285,2,3,3,1 PCIe 16-pin,3,1,11/27/2024 10:34,11/27/2024 10:34
176,1575,GeForce RTX 4070,12,GDDR6X,1920,2490,,Black,G-Sync,261,200,2,3,3,1 PCIe 8-pin,3,1,11/27/2024 10:34,11/27/2024 10:34
177,1576,GeForce RTX 4070 SUPER,12,GDDR6X,1980,2565,,White / Silver,G-Sync,300,220,2,3,3,1 PCIe 16-pin,3,1,11/27/2024 10:34,11/27/2024 10:34
178,1577,GeForce RTX 4070 SUPER,12,GDDR6X,1980,2565,,Black,G-Sync,300,220,2,3,3,1 PCIe 16-pin,3,1,11/27/2024 10:34,11/27/2024 10:34
179,1578,GeForce RTX 4070 Ti SUPER,16,GDDR6X,2340,2655,,White / Silver,G-Sync,300,285,2,3,3,1 PCIe 16-pin,3,1,11/27/2024 10:34,11/27/2024 10:34
180,1579,GeForce RTX 4070 SUPER,12,GDDR6X,1980,2535,,White,G-Sync,261,220,2,3,3,1 PCIe 16-pin,3,1,11/27/2024 10:34,11/27/2024 10:34
181,1580,GeForce RTX 4070 Ti SUPER,16,GDDR6X,2340,2655,21000,Black,G-Sync,331,285,2,3,3,1 PCIe 16-pin,3,1,11/27/2024 10:34,11/27/2024 10:34
182,1581,GeForce RTX 4070 Ti SUPER,16,GDDR6X,2340,2655,,Black,G-Sync,300,285,2,3,3,1 PCIe 16-pin,3,1,11/27/2024 10:34,11/27/2024 10:34
183,1582,GeForce RTX 4070,12,GDDR6,1920,2490,,Black,G-Sync,261,200,2,3,3,1 PCIe 8-pin,3,1,11/27/2024 10:34,11/27/2024 10:34
184,1583,GeForce RTX 4070 SUPER,12,GDDR6X,1980,2535,,Black,G-Sync,261,220,2,3,3,1 PCIe 16-pin,3,1,11/27/2024 10:34,11/27/2024 10:34
185,1584,GeForce RTX 4070 Ti SUPER,16,GDDR6X,2340,2640,,Black,G-Sync,261,285,2,3,3,1 PCIe 16-pin,3,1,11/27/2024 10:34,11/27/2024 10:34
186,1585,GeForce RTX 4070 Ti,12,GDDR6X,2310,2640,,Black,G-Sync,336,285,2,3,3,1 PCIe 16-pin,3,1,11/27/2024 10:34,11/27/2024 10:34
187,1586,GeForce RTX 4070 Ti SUPER,16,GDDR6X,2340,2640,,White,G-Sync,261,285,2,3,3,1 PCIe 16-pin,3,1,11/27/2024 10:34,11/27/2024 10:34
188,1587,GeForce RTX 4070 Ti,12,GDDR6X,2310,2640,,White / Silver,G-Sync,300,285,2,3,3,1 PCIe 16-pin,3,1,11/27/2024 10:34,11/27/2024 10:34
189,1588,GeForce RTX 4070 Ti SUPER,16,GDDR6X,2340,2670,,Black,G-Sync,342,285,2,4,3,1 PCIe 16-pin,3,1,11/27/2024 10:34,11/27/2024 10:34
190,1589,GeForce RTX 4070 SUPER,12,GDDR6X,1980,2655,,Black,G-Sync,342,220,2,4,3,1 PCIe 16-pin,3,1,11/27/2024 10:34,11/27/2024 10:34
191,1590,GeForce RTX 4080 SUPER,16,GDDR6X,2210,2550,,Black,G-Sync,330,320,2,3,3,1 PCIe 16-pin,3,1,11/27/2024 10:34,11/27/2024 10:34
192,1591,GeForce RTX 4080 SUPER,16,GDDR6X,2210,2595,,White / Silver,G-Sync,342,320,2,4,3,1 PCIe 16-pin,3,1,11/27/2024 10:34,11/27/2024 10:34
193,1592,GeForce RTX 4080 SUPER,16,GDDR6X,2210,2595,,Black,G-Sync,342,320,2,4,3,1 PCIe 16-pin,3,1,11/27/2024 10:34,11/27/2024 10:34
194,1593,GeForce RTX 4080,16,GDDR6X,2205,2535,22400,Black,G-Sync,342,320,4,4,3,1 PCIe 16-pin,3,1,11/27/2024 10:34,11/27/2024 10:34
195,1594,GeForce RTX 4080 SUPER,16,GDDR6X,2210,2700,,White / Gold,G-Sync,357,320,2,4,3,1 PCIe 16-pin,3,1,11/27/2024 10:34,11/27/2024 10:34
196,1595,GeForce RTX 4080,16,GDDR6X,2205,2505,,Black / Silver,G-Sync,330,320,2,3,3,1 PCIe 16-pin,3,1,11/27/2024 10:34,11/27/2024 10:34
197,1596,GeForce RTX 4080,16,GDDR6X,2205,2505,22400,Black,G-Sync,342,320,4,4,3,1 PCIe 16-pin,3,1,11/27/2024 10:34,11/27/2024 10:34
198,1597,GeForce RTX 4090,24,GDDR6X,2235,,21000,Black,G-Sync,340,450,2,4,3,1 PCIe 16-pin,3,1,11/27/2024 10:34,11/27/2024 10:34
199,1598,GeForce RTX 4090,24,GDDR6X,2520,2535,,Silver / White,G-Sync,342,450,2,4,3,1 PCIe 16-pin,3,1,11/27/2024 10:34,11/27/2024 10:34
200,1599,GeForce RTX 4090,24,GDDR6X,2235,2520,21000,Black,G-Sync,331,450,2,4,3,1 PCIe 16-pin,3,1,11/27/2024 10:34,11/27/2024 10:34
201,1600,GeForce RTX 4090,24,GDDR6X,2235,2520,,Black,G-Sync,331,450,2,3,3,1 PCIe 16-pin,3,1,11/27/2024 10:34,11/27/2024 10:34
202,1601,GeForce RTX 4060 Ti,16,GDDR6,2310,2685,,Black,G-Sync,307,165,2,3,3,1 PCIe 8-pin,3,1,11/27/2024 10:34,11/27/2024 10:34
203,1602,GeForce RTX 4060 Ti,16,GDDR6,2310,2655,,Black,G-Sync,247,165,2,2,3,1 PCIe 8-pin,3,1,11/27/2024 10:34,11/27/2024 10:34
204,1603,GeForce RTX 4060,8,GDDR6,1830,2505,,Black,G-Sync,199,115,2,2,3,1 PCIe 8-pin,3,1,11/27/2024 10:34,11/27/2024 10:34
205,1604,GeForce RTX 4060 Ti,16,GDDR6,2310,2625,,Black,G-Sync,199,165,2,2,3,1 PCIe 8-pin,3,1,11/27/2024 10:34,11/27/2024 10:34
206,1605,GeForce RTX 4060 Ti,8,GDDR6,2310,,18000,Black,G-Sync,199,160,2,2,3,1 PCIe 8-pin,3,1,11/27/2024 10:34,11/27/2024 10:34
207,1606,GeForce RTX 4060 Ti,8,GDDR6,2310,,18000,Black,G-Sync,308,160,2,2,3,1 PCIe 8-pin,3,1,11/27/2024 10:34,11/27/2024 10:34
208,1607,GeForce RTX 4060,8,GDDR6,1830,2505,,White / Silver,G-Sync,199,115,2,2,3,1 PCIe 8-pin,3,1,11/27/2024 10:34,11/27/2024 10:34
209,1608,GeForce RTX 4060 Ti,16,GDDR6,2310,2625,,Silver / Black,G-Sync,308,165,2,2,3,1 PCIe 8-pin,3,1,11/27/2024 10:34,11/27/2024 10:34
210,1609,GeForce RTX 4060,8,GDDR6,1830,2610,,Black,G-Sync,247,115,2,2,3,1 PCIe 8-pin,3,1,11/27/2024 10:34,11/27/2024 10:34
211,1610,GeForce RTX 4060 Ti,8,GDDR6,2310,,18000,Black,G-Sync,247,160,2,2,3,1 PCIe 8-pin,3,1,11/27/2024 10:34,11/27/2024 10:34
212,1611,GeForce RTX 4070 Ti SUPER,16,GDDR6X,2340,2685,,Black / Silver,G-Sync,307,285,2,3,3,1 PCIe 16-pin,3,1,11/27/2024 10:34,11/27/2024 10:34
213,1612,GeForce RTX 4070 SUPER,12,GDDR6X,1980,2520,,Black,G-Sync,242,220,2,2,3,1 PCIe 16-pin,3,1,11/27/2024 10:34,11/27/2024 10:34
214,1613,GeForce RTX 4070,12,GDDR6X,1920,2520,,Silver / Black,G-Sync,242,200,2,2,3,1 PCIe 8-pin,3,1,11/27/2024 10:34,11/27/2024 10:34
215,1614,GeForce RTX 4070 SUPER,12,GDDR6X,1980,2655,,Black,G-Sync,307,220,2,3,3,1 PCIe 16-pin,3,1,11/27/2024 10:34,11/27/2024 10:34
216,1615,GeForce RTX 4070 SUPER,12,GDDR6X,1980,2520,,Black / Silver,G-Sync,308,220,2,2,3,1 PCIe 16-pin,3,1,11/27/2024 10:34,11/27/2024 10:34
217,1616,GeForce RTX 4070 SUPER,12,GDDR6X,1980,2520,,White,G-Sync,242,220,2,2,3,1 PCIe 16-pin,3,1,11/27/2024 10:34,11/27/2024 10:34
218,1617,GeForce RTX 4070,12,GDDR6X,1920,,2520,Silver / Black,G-Sync,308,200,2,2,3,1 PCIe 8-pin,3,1,11/27/2024 10:34,11/27/2024 10:34
219,1618,GeForce RTX 4070 Ti SUPER,16,GDDR6X,2340,2655,,Black / Silver,G-Sync,242,285,2,3,3,1 PCIe 16-pin,3,1,11/27/2024 10:34,11/27/2024 10:34
220,1619,GeForce RTX 4070 Ti,12,GDDR6X,2310,2745,,Black,G-Sync,307,285,2,3,3,1 PCIe 16-pin,3,1,11/27/2024 10:34,11/27/2024 10:34
221,1620,GeForce RTX 4070 Ti SUPER,16,GDDR6X,2340,2655,,Black,G-Sync,308,285,2,2,3,1 PCIe 16-pin,3,1,11/27/2024 10:34,11/27/2024 10:34
222,1621,GeForce RTX 4070 Ti SUPER,16,GDDR6X,2340,2655,,Black / Silver,G-Sync,308,285,2,3,3,1 PCIe 16-pin,3,1,11/27/2024 10:34,11/27/2024 10:34
223,1622,GeForce RTX 4070,12,GDDR6X,1920,2520,,White / Silver,G-Sync,242,200,2,2,3,1 PCIe 8-pin,3,1,11/27/2024 10:34,11/27/2024 10:34
224,1623,GeForce RTX 4070 Ti SUPER,16,GDDR6X,2340,2685,21000,Silver,G-Sync,312,285,3,3,3,1 PCIe 16-pin,3,1,11/27/2024 10:34,11/27/2024 10:34
225,1624,GeForce RTX 4070,12,GDDR6X,1920,2520,,Silver / Black,G-Sync,245,200,2,2,3,1 PCIe 8-pin,3,1,11/27/2024 10:34,11/27/2024 10:34
226,1625,GeForce RTX 4070 Ti SUPER,16,GDDR6X,2340,2625,,Silver / Black,G-Sync,308,285,2,3,3,1 PCIe 16-pin,3,1,11/27/2024 10:34,11/27/2024 10:34
227,1626,GeForce RTX 4070 Ti SUPER,16,GDDR6X,2340,2655,,White / Silver,G-Sync,242,285,2,3,3,1 PCIe 16-pin,3,1,11/27/2024 10:34,11/27/2024 10:34
228,1627,GeForce RTX 4080 SUPER,16,GDDR6X,2210,2625,,Black,G-Sync,322,320,3,3,3,1 PCIe 16-pin,2,2,11/27/2024 10:34,11/27/2024 10:34
229,1628,GeForce RTX 4080 SUPER,16,GDDR6X,2210,2655,,Silver / Black,G-Sync,336,320,3,4,3,1 PCIe 16-pin,3,1,11/27/2024 10:34,11/27/2024 10:34
230,1629,GeForce RTX 4080,16,GDDR6X,2205,2610,22400,Black,G-Sync,337,320,3,3,3,1 PCIe 16-pin,3,1,11/27/2024 10:34,11/27/2024 10:34
231,1630,GeForce RTX 4080,16,GDDR6X,2205,2640,22400,Black,G-Sync,336,320,4,4,3,1 PCIe 16-pin,3,1,11/27/2024 10:34,11/27/2024 10:34
232,1631,GeForce RTX 4080,16,GDDR6X,2205,2610,,White,G-Sync,337,320,3,4,3,1 PCIe 16-pin,3,1,11/27/2024 10:34,11/27/2024 10:34
233,1632,GeForce RTX 4080 SUPER,16,GDDR6X,2210,2595,,Black,G-Sync,322,320,3,3,3,1 PCIe 16-pin,2,2,11/27/2024 10:34,11/27/2024 10:34
234,1633,GeForce RTX 4080,16,GDDR6X,2205,,22400,Black,G-Sync,322,320,3,3,3,1 PCIe 16-pin,3,1,11/27/2024 10:34,11/27/2024 10:34
235,1634,GeForce RTX 4080 SUPER,16,GDDR6X,2210,2625,,Copper / Black,G-Sync,312,320,3,3,3,1 PCIe 16-pin,3,1,11/27/2024 10:34,11/27/2024 10:34
236,1635,GeForce RTX 4080,16,GDDR6X,2205,2520,22400,Black,G-Sync,322,320,3,3,3,1 PCIe 16-pin,3,1,11/27/2024 10:34,11/27/2024 10:34
237,1636,GeForce RTX 4090,24,GDDR6X,2235,2610,21000,Black,G-Sync,322,450,3,3,3,1 PCIe 16-pin,2,2,11/27/2024 10:34,11/27/2024 10:34
238,1637,GeForce RTX 4090,24,GDDR6X,2235,2535,,Black,G-Sync,322,450,3,3,3,1 PCIe 16-pin,2,2,11/27/2024 10:34,11/27/2024 10:34
239,1638,GeForce RTX 4090,24,GDDR6X,2235,2565,,Silver / Black,G-Sync,322,450,3,3,3,1 PCIe 16-pin,2,2,11/27/2024 10:34,11/27/2024 10:34
240,1639,Radeon RX 5600 XT,6,GDDR6,1247,1770,12000,Black,FreeSync,304,150,2,3,3,1 PCIe 8-pin + 1 PCIe 6-pin,3,1,11/27/2024 12:10,11/27/2024 12:10
241,1640,Radeon RX 570,4,GDDR5,1168,1310,7000,Black,FreeSync,240,150,2,2,3,1 PCIe 8-pin,1,1,11/27/2024 12:10,11/27/2024 12:10
242,1641,Radeon RX 580,4,GDDR5,1257,1380,7000,Black / White,FreeSync,242,185,2,2,3,1 PCIe 8-pin,2,2,11/27/2024 12:10,11/27/2024 12:10
243,1642,Radeon RX 580,8,GDDR5,1257,1380,8000,Black,FreeSync,298,185,2,3,3,1 PCIe 8-pin,2,2,11/27/2024 12:10,11/27/2024 12:10
244,1643,Radeon RX 550 - 512,4,GDDR5,1100,1183,6000,Black,FreeSync,192,50,2,2,3,None,1,1,11/27/2024 12:10,11/27/2024 12:10
245,1644,Radeon RX 580,8,GDDR5,1366,1386,8100,Black / Red,FreeSync,270,185,2,2,3,1 PCIe 8-pin,3,1,11/27/2024 12:10,11/27/2024 12:10
246,1645,Radeon RX 570,4,GDDR5,1168,1284,7000,Black / Red,FreeSync,243,150,2,2,3,1 PCIe 8-pin,3,1,11/27/2024 12:10,11/27/2024 12:10
247,1646,Radeon RX 580,8,GDDR5,1405,1425,8100,Black / Red,FreeSync,270,185,2,2,3,1 PCIe 8-pin,3,1,11/27/2024 12:10,11/27/2024 12:10
248,1647,Radeon RX 570,8,GDDR5,1168,1286,7000,Black / Red,FreeSync,243,150,2,2,3,1 PCIe 8-pin,3,1,11/27/2024 12:10,11/27/2024 12:10
249,1648,Radeon RX 560 - 896,2,GDDR5,1196,,6000,Black / Red,FreeSync,211,75,2,2,3,1 PCIe 6-pin,1,1,11/27/2024 12:10,11/27/2024 12:10
250,1649,Radeon RX 580,4,GDDR5,1366,1386,7100,Black / Red,FreeSync,270,185,2,2,3,1 PCIe 8-pin,3,1,11/27/2024 12:10,11/27/2024 12:10
251,1650,Radeon RX 580,8,GDDR5,1257,1405,8100,Black / Red,FreeSync,270,185,2,2,3,1 PCIe 8-pin,3,1,11/27/2024 12:10,11/27/2024 12:10
252,1651,Radeon RX 580,8,GDDR5,1405,1425,8100,Black / White,FreeSync,279,185,2,2,3,1 PCIe 8-pin + 1 PCIe 6-pin,3,1,11/27/2024 12:10,11/27/2024 12:10
253,1652,Radeon RX 580,8,GDDR5,1405,1425,8100,Black / Red,FreeSync,270,185,2,2,3,1 PCIe 8-pin,3,1,11/27/2024 12:10,11/27/2024 12:10
254,1653,Radeon RX 580,4,GDDR5,1257,1386,7100,N/A,FreeSync,270,185,2,2,3,1 PCIe 8-pin,3,1,11/27/2024 12:10,11/27/2024 12:10
255,1654,Radeon RX 570,8,GDDR5,1168,1328,7000,Black / Red,FreeSync,243,150,2,2,3,1 PCIe 8-pin,3,1,11/27/2024 12:10,11/27/2024 12:10
256,1655,Radeon RX 5700 XT,8,GDDR6,1650,1905,14000,Black,FreeSync,280,225,2,3,3,1 PCIe 8-pin + 1 PCIe 6-pin,3,1,11/27/2024 12:10,11/27/2024 12:10
257,1656,Radeon RX 5700 XT,8,GDDR6,1770,2010,14000,Black,FreeSync,290,225,2,3,3,2 PCIe 8-pin,3,3,11/27/2024 12:10,11/27/2024 12:10
258,1657,Radeon RX 5500 XT,4,GDDR6,1647,1845,14000,Black / Gray,FreeSync,225,130,2,2,3,1 PCIe 8-pin,3,1,11/27/2024 12:10,11/27/2024 12:10
259,1658,Radeon RX 580,8,GDDR5,1257,1340,8000,Black / Red,FreeSync,243,185,2,2,3,1 PCIe 8-pin,3,1,11/27/2024 12:10,11/27/2024 12:10
260,1659,Radeon RX 580,8,GDDR5,1257,1366,8000,Black / White,FreeSync,269,185,2,2,3,1 PCIe 8-pin,2,2,11/27/2024 12:10,11/27/2024 12:10
261,1660,Radeon RX 5500 XT,8,GDDR6,1685,1845,14000,Black / Red,FreeSync,247,140,2,2,3,1 PCIe 8-pin,3,1,11/27/2024 12:10,11/27/2024 12:10
262,1661,Radeon RX 580,4,GDDR5,1257,1366,7000,Black / White,FreeSync,269,185,2,2,3,1 PCIe 8-pin,2,2,11/27/2024 12:10,11/27/2024 12:10
263,1662,Radeon RX 580,8,GDDR5,1340,1380,8000,Red / Black,FreeSync,270,185,2,2,3,1 PCIe 8-pin,2,2,11/27/2024 12:10,11/27/2024 12:10
264,1663,Radeon RX 570,8,GDDR5,1168,1268,7000,Black / White,FreeSync,246,150,2,2,3,1 PCIe 8-pin,3,1,11/27/2024 12:10,11/27/2024 12:10
265,1664,Radeon RX 6500 XT,4,GDDR6,2310,2825,18000,Black,FreeSync,250,107,2,3,3,1 PCIe 6-pin,1,1,11/27/2024 12:10,11/27/2024 12:10
266,1665,Radeon RX 6500 XT,4,GDDR6,2310,2820,18000,Black,FreeSync,201,107,2,2,3,1 PCIe 6-pin,1,1,11/27/2024 12:10,11/27/2024 12:10
267,1666,Radeon RX 6600,8,GDDR6,1626,2491,,Black,FreeSync,243,132,2,3,3,1 PCIe 8-pin,3,1,11/27/2024 12:10,11/27/2024 12:10
268,1667,Radeon RX 6600,8,GDDR6,1626,2491,14000,Black / Silver,FreeSync,243,132,2,3,3,1 PCIe 8-pin,3,1,11/27/2024 12:10,11/27/2024 12:10
269,1668,Radeon RX 6600 XT,8,GDDR6,1968,2607,16000,Black / White,FreeSync,243,160,2,3,3,1 PCIe 8-pin,3,1,11/27/2024 12:10,11/27/2024 12:10
270,1669,Radeon RX 6600 XT,8,GDDR6,1968,2607,16000,Black / Gray,FreeSync,243,160,2,3,3,1 PCIe 8-pin,3,1,11/27/2024 12:10,11/27/2024 12:10
271,1670,Radeon RX 6650 XT,8,GDDR6,2055,2689,,Black / Silver,FreeSync,243,180,2,3,3,1 PCIe 8-pin,3,1,11/27/2024 12:10,11/27/2024 12:10
272,1671,Radeon RX 6650 XT,8,GDDR6,2055,2694,,Black / Gray,FreeSync,281,180,2,3,3,1 PCIe 8-pin,3,1,11/27/2024 12:10,11/27/2024 12:10
273,1672,Radeon RX 6700 XT,12,GDDR6,2321,,16000,Black,FreeSync,295,230,2,3,3,1 PCIe 8-pin + 1 PCIe 6-pin,3,1,11/27/2024 12:10,11/27/2024 12:10
274,1673,Radeon RX 6700 XT,12,GDDR6,2321,,16000,Black,FreeSync,322,230,2,3,3,2 PCIe 8-pin,3,1,11/27/2024 12:10,11/27/2024 12:10
275,1674,Radeon RX 6750 XT,12,GDDR6,2150,2618,,Black / Silver,FreeSync,295,250,2,3,3,2 PCIe 8-pin,3,1,11/27/2024 12:10,11/27/2024 12:10
276,1675,Radeon RX 6800 XT,16,GDDR6,1825,2340,16000,Black,FreeSync,320,300,2,3,3,2 PCIe 8-pin,3,1,11/27/2024 12:10,11/27/2024 12:10
277,1676,Radeon RX 6900 XT,16,GDDR6,1825,2340,16000,Black,FreeSync,320,300,2,3,3,2 PCIe 8-pin,3,1,11/27/2024 12:10,11/27/2024 12:10
278,1677,Radeon RX 6400,4,GDDR6,1923,,,Black,FreeSync,155,53,1,1,3,None,1,1,11/27/2024 12:10,11/27/2024 12:10
279,1678,Radeon RX 6500 XT,4,GDDR6,2310,2825,18000,Black / Silver,FreeSync,232,107,2,2,3,1 PCIe 6-pin,1,1,11/27/2024 12:10,11/27/2024 12:10
280,1679,Radeon RX 6650 XT,8,GDDR6,2055,2635,,Black / Silver,FreeSync,241,180,2,2,3,1 PCIe 8-pin,3,1,11/27/2024 12:10,11/27/2024 12:10
281,1680,Radeon RX 6600,8,GDDR6,1626,2491,,Black,FreeSync,241,132,2,2,3,1 PCIe 8-pin,3,1,11/27/2024 12:10,11/27/2024 12:10
282,1681,Radeon RX 6650 XT,8,GDDR6,2055,2635,,Black,FreeSync,241,180,2,2,3,1 PCIe 8-pin,3,1,11/27/2024 12:10,11/27/2024 12:10
283,1682,Radeon RX 6600 XT,8,GDDR6,2188,2607,16000,Black,FreeSync,274,160,2,3,3,1 PCIe 8-pin,3,1,11/27/2024 12:10,11/27/2024 12:10
284,1683,Radeon RX 6600 XT,8,GDDR6,2188,2607,16000,Black,FreeSync,274,160,2,3,3,1 PCIe 8-pin,3,1,11/27/2024 12:10,11/27/2024 12:10
285,1684,Radeon RX 6750 XT,12,GDDR6,2150,2600,18000,Black,FreeSync,323,250,2,3,3,2 PCIe 8-pin,3,1,11/27/2024 12:10,11/27/2024 12:10
286,1685,Radeon RX 6700 XT,12,GDDR6,2321,2581,,Black,FreeSync,304,230,2,2,3,2 PCIe 8-pin,3,1,11/27/2024 12:10,11/27/2024 12:10
287,1686,Radeon RX 6750 XT,12,GDDR6,2150,2600,,Black,FreeSync,280,250,2,2,3,2 PCIe 8-pin,3,1,11/27/2024 12:10,11/27/2024 12:10
288,1687,Radeon RX 6700 XT,12,GDDR6,2457,2622,16000,Black,FreeSync,323,230,2,3,3,2 PCIe 8-pin,3,1,11/27/2024 12:10,11/27/2024 12:10
289,1688,Radeon RX 6750 XT,12,GDDR6,2150,2623,,Silver / Black,FreeSync,323,250,2,3,3,2 PCIe 8-pin,3,1,11/27/2024 12:10,11/27/2024 12:10
290,1689,Radeon RX 6700 XT,12,GDDR6,2321,2622,16000,Black,FreeSync,323,230,2,3,3,2 PCIe 8-pin,3,1,11/27/2024 12:10,11/27/2024 12:10
291,1690,Radeon RX 6700 XT,12,GDDR6,2321,2581,16000,Black,FreeSync,323,230,2,3,3,2 PCIe 8-pin,3,1,11/27/2024 12:10,11/27/2024 12:10
292,1691,Radeon RX 6800,16,GDDR6,1700,2105,16000,Black,FreeSync,340,250,2,3,3,2 PCIe 8-pin,3,1,11/27/2024 12:10,11/27/2024 12:10
293,1692,Radeon RX 6800 XT,16,GDDR6,1825,2250,16000,Black / Silver,FreeSync,340,300,2,3,3,2 PCIe 8-pin,3,1,11/27/2024 12:10,11/27/2024 12:10
294,1693,Radeon RX 6800,16,GDDR6,1850,2190,16000,Black,FreeSync,340,250,2,3,3,2 PCIe 8-pin,3,1,11/27/2024 12:10,11/27/2024 12:10
295,1694,Radeon RX 6950 XT,16,GDDR6,2009,2368,18000,Black,FreeSync,340,335,2,3,3,2 PCIe 8-pin,3,1,11/27/2024 12:10,11/27/2024 12:10
296,1695,Radeon RX 6900 XT,16,GDDR6,1825,2250,,Black,FreeSync,340,300,2,3,3,2 PCIe 8-pin,3,1,11/27/2024 12:10,11/27/2024 12:10
297,1696,Radeon RX 6900 XT,16,GDDR6,1925,2340,16000,Black,FreeSync,340,300,2,3,3,2 PCIe 8-pin,2,1,11/27/2024 12:10,11/27/2024 12:10
298,1697,Radeon RX 6900 XT,16,GDDR6,1825,2365,16000,Black,FreeSync,340,300,2,3,3,2 PCIe 8-pin,2,1,11/27/2024 12:10,11/27/2024 12:10
299,1698,Radeon RX 6500 XT,4,GDDR6,2310,2815,18000,Black,FreeSync,192,107,2,2,3,1 PCIe 6-pin,1,1,11/27/2024 12:10,11/27/2024 12:10
300,1699,Radeon RX 6500 XT,4,GDDR6,2310,2825,18000,Black / Gray,FreeSync,282,107,2,2,3,1 PCIe 6-pin,1,1,11/27/2024 12:10,11/27/2024 12:10
301,1700,Radeon RX 6600,8,GDDR6,1626,2491,14000,Black / Silver,FreeSync,282,132,2,2,3,1 PCIe 8-pin,2,2,11/27/2024 12:10,11/27/2024 12:10
302,1701,Radeon RX 6600 XT,8,GDDR6,1968,2593,16000,Black / Silver,FreeSync,282,160,2,3,3,1 PCIe 8-pin,2,2,11/27/2024 12:10,11/27/2024 12:10
303,1702,Radeon RX 6600 XT,8,GDDR6,1968,2607,16000,Black / Silver,FreeSync,282,160,2,3,3,1 PCIe 8-pin,2,2,11/27/2024 12:10,11/27/2024 12:10
304,1703,Radeon RX 6700 XT,12,GDDR6,2321,,16000,Black / Silver,FreeSync,281,230,2,3,3,1 PCIe 8-pin + 1 PCIe 6-pin,2,2,11/27/2024 12:10,11/27/2024 12:10
305,1704,Radeon RX 6800 XT,16,GDDR6,1825,2285,16000,Black / Silver,FreeSync,286,300,2,3,3,2 PCIe 8-pin,2,2,11/27/2024 12:10,11/27/2024 12:10
306,1705,Radeon RX 6800,16,GDDR6,1700,2190,16000,Black,FreeSync,324,250,3,3,3,2 PCIe 8-pin,1,2,11/27/2024 12:10,11/27/2024 12:10
307,1706,Radeon RX 6900 XT,16,GDDR6,1825,2285,16000,Black / Silver,FreeSync,286,300,2,3,3,3 PCIe 8-pin,2,2,11/27/2024 12:10,11/27/2024 12:10
308,1707,Radeon RX 6500 XT,4,GDDR6,2310,2825,,Black / Silver,FreeSync,172,107,2,2,3,1 PCIe 6-pin,1,1,11/27/2024 12:10,11/27/2024 12:10
309,1708,Radeon RX 6600 XT,8,GDDR6,1968,2602,16000,Black / Silver,FreeSync,235,160,2,3,3,1 PCIe 8-pin,3,1,11/27/2024 12:10,11/27/2024 12:10
310,1709,Radeon RX 6600,8,GDDR6,1626,2491,,Black / Silver,FreeSync,235,132,2,3,3,1 PCIe 8-pin,3,1,11/27/2024 12:10,11/27/2024 12:10
311,1710,Radeon RX 6600 XT,8,GDDR6,1968,2602,,Black / Silver,FreeSync,215,160,2,2,3,1 PCIe 8-pin,3,1,11/27/2024 12:10,11/27/2024 12:10
312,1711,Radeon RX 6600 XT,8,GDDR6,1968,2607,16000,Black / Silver,FreeSync,277,160,2,3,3,1 PCIe 8-pin,3,1,11/27/2024 12:10,11/27/2024 12:10
313,1712,Radeon RX 6700 XT,12,GDDR6,2321,,16000,Black / Silver,FreeSync,247,230,2,3,3,2 PCIe 8-pin,3,1,11/27/2024 12:10,11/27/2024 12:10
314,1713,Radeon RX 6750 XT,12,GDDR6,2150,2623,,Silver / Black,FreeSync,327,250,2,3,3,2 PCIe 8-pin,3,1,11/27/2024 12:10,11/27/2024 12:10
315,1714,Radeon RX 6700 XT,12,GDDR6,2321,,16000,Black / Silver,FreeSync,247,230,2,3,3,2 PCIe 8-pin,3,1,11/27/2024 12:10,11/27/2024 12:10
316,1715,Radeon RX 6700 XT,12,GDDR6,2321,,16000,Black / Silver,FreeSync,279,230,2,3,3,2 PCIe 8-pin,3,1,11/27/2024 12:10,11/27/2024 12:10
317,1716,Radeon RX 6750 XT,12,GDDR6,2150,2600,,Black / Silver,FreeSync,249,250,2,3,3,2 PCIe 8-pin,3,1,11/27/2024 12:10,11/27/2024 12:10
318,1717,Radeon RX 6800 XT,16,GDDR6,1850,2285,16000,Silver / Black,FreeSync,324,300,2,3,3,2 PCIe 8-pin,3,1,11/27/2024 12:10,11/27/2024 12:10
319,1718,Radeon RX 6800,16,GDDR6,1700,2155,,Black / Silver,FreeSync,324,250,2,3,3,2 PCIe 8-pin,3,1,11/27/2024 12:10,11/27/2024 12:10
320,1719,Radeon RX 6900 XT,16,GDDR6,1825,2340,16000,Silver / Black,FreeSync,324,300,2,3,3,3 PCIe 8-pin,3,1,11/27/2024 12:10,11/27/2024 12:10
321,1720,Radeon RX 6900 XT,16,GDDR6,1825,2425,,Silver / Black,FreeSync,324,300,2,3,3,3 PCIe 8-pin,3,1,11/27/2024 12:10,11/27/2024 12:10
322,1721,Radeon RX 7600 XT,16,GDDR6,1720,2801,,Black,FreeSync,227,190,2,3,3,1 PCIe 8-pin,3,1,11/27/2024 12:10,11/27/2024 12:10
323,1722,Radeon RX 7600 XT,16,GDDR6,1720,2830,,Black,FreeSync,300,190,2,3,3,2 PCIe 8-pin,3,1,11/27/2024 12:10,11/27/2024 12:10
324,1723,Radeon RX 7600,8,GDDR6,1720,2715,18000,Black,FreeSync,245,165,2,3,3,1 PCIe 8-pin,3,1,11/27/2024 12:10,11/27/2024 12:10
325,1724,Radeon RX 7600,8,GDDR6,1720,2745,18000,Black,FreeSync,245,165,2,3,3,1 PCIe 8-pin,3,1,11/27/2024 12:10,11/27/2024 12:10
326,1725,Radeon RX 7600,8,GDDR6,1720,2755,18000,Black / Silver,FreeSync,281,165,2,3,3,1 PCIe 8-pin,3,1,11/27/2024 12:10,11/27/2024 12:10
327,1726,Radeon RX 7700 XT,12,GDDR6,1700,2599,,Black,FreeSync,280,245,2,3,3,2 PCIe 8-pin,3,1,11/27/2024 12:10,11/27/2024 12:10
328,1727,Radeon RX 7700 XT,12,GDDR6,1700,2599,,Black,FreeSync,320,245,2,3,3,2 PCIe 8-pin,3,1,11/27/2024 12:10,11/27/2024 12:10
329,1728,Radeon RX 7800 XT,16,GDDR6,1295,2520,,Black,FreeSync,280,263,2,3,3,2 PCIe 8-pin,3,1,11/27/2024 12:10,11/27/2024 12:10
330,1729,Radeon RX 7800 XT,16,GDDR6,1295,2565,,Black,FreeSync,320,263,2,3,3,2 PCIe 8-pin,3,1,11/27/2024 12:10,11/27/2024 12:10
331,1730,Radeon RX 7900 XTX,24,GDDR6,2300,2615,,Black,FreeSync,353,355,2,4,3,3 PCIe 8-pin,3,1,11/27/2024 12:10,11/27/2024 12:10
332,1731,Radeon RX 7900 XT,20,GDDR6,2000,,,Black,FreeSync,353,300,2,4,3,3 PCIe 8-pin,3,1,11/27/2024 12:10,11/27/2024 12:10
333,1732,Radeon RX 7900 GRE,16,GDDR6,1270,2366,18000,Black,FreeSync,280,260,2,3,3,2 PCIe 8-pin,3,1,11/27/2024 12:10,11/27/2024 12:10
334,1733,Radeon RX 7900 XTX,24,GDDR6,2300,2615,20000,Black,FreeSync,323,355,2,3,3,3 PCIe 8-pin,3,1,11/27/2024 12:10,11/27/2024 12:10
335,1734,Radeon RX 7600 XT,16,GDDR6,1720,2810,18000,Black / Gray,FreeSync,281,190,2,3,3,2 PCIe 8-pin,2,2,11/27/2024 12:10,11/27/2024 12:10
336,1735,Radeon RX 7600,8,GDDR6,1720,2755,18000,Black / Silver,FreeSync,282,165,2,3,3,1 PCIe 8-pin,2,2,11/27/2024 12:10,11/27/2024 12:10
337,1736,Radeon RX 7700 XT,12,GDDR6,1700,2599,,Black,FreeSync,302,245,2,3,3,2 PCIe 8-pin,2,2,11/27/2024 12:10,11/27/2024 12:10
338,1737,Radeon RX 7800 XT,16,GDDR6,1295,2565,,Black,FreeSync,302,263,2,3,3,2 PCIe 8-pin,2,2,11/27/2024 12:10,11/27/2024 12:10
339,1738,Radeon RX 7900 XT,20,GDDR6,2000,2535,,Black,FreeSync,331,300,2,3,3,2 PCIe 8-pin,2,2,11/27/2024 12:10,11/27/2024 12:10
340,1739,Radeon RX 7900 XTX,24,GDDR6,2300,2525,,Black,FreeSync,331,355,2,3,3,2 PCIe 8-pin,2,2,11/27/2024 12:10,11/27/2024 12:10
341,1740,Radeon RX 6900 XT,16,GDDR6,1825,2285,16000,Black / Silver,FreeSync,286,300,2,3,3,3 PCIe 8-pin,2,2,11/27/2024 12:10,11/27/2024 12:10
342,1741,Radeon RX 7600,8,GDDR6,1720,2695,18000,Black / Silver,FreeSync,235,165,2,3,3,1 PCIe 8-pin,3,1,11/27/2024 12:10,11/27/2024 12:10
343,1742,Radeon RX 7900 XTX,24,GDDR6,2300,2500,20000,Black / Silver,FreeSync,325,355,3,3,3,3 PCIe 8-pin,3,1,11/27/2024 12:10,11/27/2024 12:10
344,1743,Radeon RX 7600 XT,16,GDDR6,1720,2810,,Black,FreeSync,302,190,2,3,3,2 PCIe 8-pin,3,1,11/27/2024 12:10,11/27/2024 12:10
345,1744,Radeon RX 7600,8,GDDR6,1875,2655,18000,Black,FreeSync,241,165,2,2,3,1 PCIe 8-pin,3,1,11/27/2024 12:10,11/27/2024 12:10
346,1745,Radeon RX 7600,8,GDDR6,1875,2755,18000,Black,FreeSync,272,165,2,3,3,1 PCIe 8-pin,3,1,11/27/2024 12:10,11/27/2024 12:10
347,1746,Radeon RX 7600 XT,16,GDDR6,1720,2755,,Black,FreeSync,272,190,2,3,3,2 PCIe 8-pin,3,1,11/27/2024 12:10,11/27/2024 12:10
348,1747,Radeon RX 7700 XT,12,GDDR6,1425,2544,18000,Black,FreeSync,280,245,2,3,3,2 PCIe 8-pin,3,1,11/27/2024 12:10,11/27/2024 12:10
349,1748,Radeon RX 7700 XT,12,GDDR6,1700,2599,,Black,FreeSync,335,245,2,3,3,2 PCIe 8-pin,3,1,11/27/2024 12:10,11/27/2024 12:10
350,1749,Radeon RX 7800 XT,16,GDDR6,1295,2430,,Black,FreeSync,335,263,2,3,3,2 PCIe 8-pin,3,1,11/27/2024 12:10,11/27/2024 12:10
351,1750,Radeon RX 7800 XT,16,GDDR6,1295,2430,19500,Black,FreeSync,283,263,2,3,3,2 PCIe 8-pin,3,1,11/27/2024 12:10,11/27/2024 12:10
352,1751,Radeon RX 7800 XT,16,GDDR6,1295,2565,,Black / Silver,FreeSync,326,263,2,3,3,2 PCIe 8-pin,3,1,11/27/2024 12:10,11/27/2024 12:10
353,1752,Radeon RX 7800 XT,16,GDDR6,1295,2430,19500,White,FreeSync,337,263,2,3,3,2 PCIe 8-pin,3,1,11/27/2024 12:10,11/27/2024 12:10
354,1753,Radeon RX 7800 XT,16,GDDR6,1295,2430,19500,Black / Red,FreeSync,337,263,2,3,3,2 PCIe 8-pin,3,1,11/27/2024 12:10,11/27/2024 12:10
355,1754,Radeon RX 7900 XTX,24,GDDR6,2300,2615,,Black / Silver,FreeSync,344,355,2,3,3,3 PCIe 8-pin,3,1,11/27/2024 12:10,11/27/2024 12:10
356,1755,Radeon RX 7900 XT,20,GDDR6,2000,2535,,Black / Silver,FreeSync,344,300,2,3,3,2 PCIe 8-pin,3,1,11/27/2024 12:10,11/27/2024 12:10
357,1756,Radeon RX 7900 XT,20,GDDR6,2000,2560,,Black / Silver,FreeSync,344,300,2,3,3,2 PCIe 8-pin,3,1,11/27/2024 12:10,11/27/2024 12:10
358,1757,Radeon RX 7900 XTX,24,GDDR6,1855,2615,20000,Black,FreeSync,346,355,2,4,3,3 PCIe 8-pin,2,1,11/27/2024 12:10,11/27/2024 12:10
