memoryId,partId,memoryType,speed,casLatency,trueLatency,capacity,modules,pricePerGig,formFactor,color,voltage,heatSpreader,createdAt,updatedAt
1,657,DDR5,5200,40,15.385,64,2,2.031,288-pin DIMM (DDR5),Black,1.25,1,11/22/2024 17:18,11/22/2024 17:18
2,658,DDR5,6000,30,10,64,2,3.094,288-pin DIMM (DDR5),Black,1.4,1,11/22/2024 17:18,11/22/2024 17:18
3,659,DDR5,6600,32,9.697,64,2,3.453,288-pin DIMM (DDR5),White,1.4,1,11/22/2024 17:18,11/22/2024 17:18
4,660,DDR5,6400,32,10,64,2,2.609,288-pin DIMM (DDR5),Black / Gray,1.4,1,11/22/2024 17:18,11/22/2024 17:18
5,661,DDR5,6600,32,9.697,64,2,3.969,288-pin DIMM (DDR5),Black,1.4,1,11/22/2024 17:18,11/22/2024 17:18
6,662,DDR5,6000,30,10,64,2,3.437,288-pin DIMM (DDR5),White / Silver,1.4,1,11/22/2024 17:18,11/22/2024 17:18
7,663,DDR5,6000,30,10,64,2,3.453,288-pin DIMM (DDR5),Black / Gray,1.4,1,11/22/2024 17:18,11/22/2024 17:18
8,664,DDR5,6800,32,9.412,64,2,3.89,288-pin DIMM (DDR5),Black / Gray,1.45,1,11/22/2024 17:18,11/22/2024 17:18
9,665,DDR5,6400,32,10,64,2,3.125,288-pin DIMM (DDR5),Black / Gray,1.4,1,11/22/2024 17:18,11/22/2024 17:18
10,666,DDR5,6000,30,10,64,2,3.359,288-pin DIMM (DDR5),Black / Gray,1.4,1,11/22/2024 17:18,11/22/2024 17:18
11,667,DDR5,6000,30,10,64,2,3.437,288-pin DIMM (DDR5),White,1.4,1,11/22/2024 17:18,11/22/2024 17:18
12,668,DDR5,5600,40,14.286,64,2,2.265,288-pin DIMM (DDR5),Black,1.25,1,11/22/2024 17:18,11/22/2024 17:18
13,669,DDR5,6400,32,10,64,2,3.75,288-pin DIMM (DDR5),White,1.4,1,11/22/2024 17:18,11/22/2024 17:18
14,670,DDR5,6000,30,10,64,2,3.437,288-pin DIMM (DDR5),Black,1.4,1,11/22/2024 17:18,11/22/2024 17:18
15,671,DDR5,6800,40,11.765,64,2,4.75,288-pin DIMM (DDR5),Black,1.4,1,11/22/2024 17:18,11/22/2024 17:18
16,672,DDR5,6600,32,9.697,64,2,3.812,288-pin DIMM (DDR5),Black / Gray,1.4,1,11/22/2024 17:18,11/22/2024 17:18
17,673,DDR5,6000,30,10,64,2,3.437,288-pin DIMM (DDR5),Black,1.4,1,11/22/2024 17:18,11/22/2024 17:18
18,674,DDR5,6600,32,9.697,64,2,3.75,288-pin DIMM (DDR5),Black / Gray,1.4,1,11/22/2024 17:18,11/22/2024 17:18
19,675,DDR5,6000,30,10,64,2,4.14,288-pin DIMM (DDR5),Black,1.4,1,11/22/2024 17:18,11/22/2024 17:18
20,676,DDR5,6000,40,13.333,64,2,3.125,288-pin DIMM (DDR5),Black,1.35,1,11/22/2024 17:18,11/22/2024 17:18
21,677,DDR5,5600,40,14.286,64,2,3.453,288-pin DIMM (DDR5),White,1.25,1,11/22/2024 17:18,11/22/2024 17:18
22,678,DDR5,4800,40,16.667,64,2,2.5,288-pin DIMM (DDR5),Black,1.1,1,11/22/2024 17:18,11/22/2024 17:18
23,679,DDR5,5200,40,15.385,64,2,2.5,288-pin DIMM (DDR5),White,1.25,1,11/22/2024 17:18,11/22/2024 17:18
24,680,DDR5,6000,38,12.667,64,2,3.031,288-pin DIMM (DDR5),Black,1.35,1,11/22/2024 17:18,11/22/2024 17:18
25,681,DDR5,6000,30,10,64,2,4.14,288-pin DIMM (DDR5),Black,1.4,1,11/22/2024 17:18,11/22/2024 17:18
26,682,DDR5,6000,40,13.333,64,2,3.062,288-pin DIMM (DDR5),Gray,1.35,1,11/22/2024 17:18,11/22/2024 17:18
27,683,DDR5,5200,40,15.385,64,2,2.5,288-pin DIMM (DDR5),Black / Gray,1.25,1,11/22/2024 17:18,11/22/2024 17:18
28,684,DDR5,6000,30,10,64,2,4.062,288-pin DIMM (DDR5),Black,1.4,1,11/22/2024 17:18,11/22/2024 17:18
29,685,DDR5,6600,32,9.697,64,2,4.64,288-pin DIMM (DDR5),Black,1.4,1,11/22/2024 17:18,11/22/2024 17:18
30,686,DDR5,6400,32,10,64,2,4.781,288-pin DIMM (DDR5),Black,1.4,1,11/22/2024 17:18,11/22/2024 17:18
31,687,DDR5,5200,40,15.385,64,2,2.656,288-pin DIMM (DDR5),White / Gray,1.25,1,11/22/2024 17:18,11/22/2024 17:18
32,688,DDR5,5600,40,14.286,64,2,2.656,288-pin DIMM (DDR5),Black / Gray,1.25,1,11/22/2024 17:18,11/22/2024 17:18
33,689,DDR5,6600,32,9.697,64,2,5.14,288-pin DIMM (DDR5),White,1.4,1,11/22/2024 17:18,11/22/2024 17:18
34,690,DDR5,6400,32,10,64,2,4.609,288-pin DIMM (DDR5),White,1.4,1,11/22/2024 17:18,11/22/2024 17:18
35,691,DDR5,6000,30,10,64,2,4.64,288-pin DIMM (DDR5),Gray,1.4,1,11/22/2024 17:18,11/22/2024 17:18
36,692,DDR5,4400,36,16.364,64,2,2.484,288-pin DIMM (DDR5),Black / Gray,1.1,1,11/22/2024 17:18,11/22/2024 17:18
37,693,DDR5,6000,38,12.667,64,2,3.203,288-pin DIMM (DDR5),Black,1.35,1,11/22/2024 17:18,11/22/2024 17:18
38,694,DDR5,6000,40,13.333,64,2,6.035,288-pin DIMM (DDR5),Gray / Black,1.35,1,11/22/2024 17:18,11/22/2024 17:18
39,695,DDR5,5600,40,14.286,64,2,2.5,288-pin DIMM (DDR5),Black / Gray,1.25,1,11/22/2024 17:18,11/22/2024 17:18
40,696,DDR5,5200,40,15.385,64,2,2.781,288-pin DIMM (DDR5),Gray,1.25,1,11/22/2024 17:18,11/22/2024 17:18
41,697,DDR5,5200,40,15.385,64,2,3.281,288-pin DIMM (DDR5),Black,1.25,1,11/22/2024 17:18,11/22/2024 17:18
42,698,DDR5,6400,32,10,64,2,4.578,288-pin DIMM (DDR5),Black,1.4,1,11/22/2024 17:18,11/22/2024 17:18
43,699,DDR5,5200,40,15.385,64,2,3.203,288-pin DIMM (DDR5),White,1.25,1,11/22/2024 17:18,11/22/2024 17:18
44,700,DDR5,6000,40,13.333,64,2,3.38,288-pin DIMM (DDR5),White / Black,1.35,1,11/22/2024 17:18,11/22/2024 17:18
45,701,DDR5,6000,40,13.333,64,2,3.922,288-pin DIMM (DDR5),Black,1.35,1,11/22/2024 17:18,11/22/2024 17:18
46,702,DDR5,6200,32,10.323,64,2,3.5,288-pin DIMM (DDR5),Black / Gray,1.4,1,11/22/2024 17:18,11/22/2024 17:18
47,703,DDR5,6000,40,13.333,64,2,3.203,288-pin DIMM (DDR5),White / Gray,1.35,1,11/22/2024 17:18,11/22/2024 17:18
48,704,DDR5,5600,36,12.857,64,2,3.344,288-pin DIMM (DDR5),White / Black,1.25,1,11/22/2024 17:18,11/22/2024 17:18
49,705,DDR5,6000,40,13.333,64,2,3.203,288-pin DIMM (DDR5),Gray,1.35,1,11/22/2024 17:18,11/22/2024 17:18
50,706,DDR5,5600,40,14.286,64,2,3.094,288-pin DIMM (DDR5),White / Gray,1.25,1,11/22/2024 17:18,11/22/2024 17:18
51,707,DDR5,5600,40,14.286,64,2,3.453,288-pin DIMM (DDR5),Black,1.25,1,11/22/2024 17:18,11/22/2024 17:18
52,708,DDR5,5200,40,15.385,64,2,2.594,288-pin DIMM (DDR5),Gray,1.25,1,11/22/2024 17:18,11/22/2024 17:18
53,709,DDR5,5600,36,12.857,64,2,3.172,288-pin DIMM (DDR5),Black / Gray,1.25,1,11/22/2024 17:18,11/22/2024 17:18
54,710,DDR5,5600,40,14.286,64,2,2.875,288-pin DIMM (DDR5),White / Gray,1.25,1,11/22/2024 17:18,11/22/2024 17:18
55,711,DDR5,5600,36,12.857,64,2,3.672,288-pin DIMM (DDR5),Black / Gray,1.25,1,11/22/2024 17:18,11/22/2024 17:18
56,712,DDR5,6000,40,13.333,64,2,3.422,288-pin DIMM (DDR5),Black,1.35,1,11/22/2024 17:18,11/22/2024 17:18
57,713,DDR5,6200,32,10.323,64,2,3.594,288-pin DIMM (DDR5),Black / Silver,1.4,1,11/22/2024 17:18,11/22/2024 17:18
58,714,DDR5,5600,40,14.286,64,2,3.203,288-pin DIMM (DDR5),Black / Gray,1.25,1,11/22/2024 17:18,11/22/2024 17:18
59,715,DDR5,5600,36,12.857,64,2,3.344,288-pin DIMM (DDR5),Gray,1.25,1,11/22/2024 17:18,11/22/2024 17:18
60,716,DDR5,4800,40,16.667,64,2,2.484,262-pin SODIMM (DDR5),Black / White,1.1,0,11/22/2024 17:18,11/22/2024 17:18
61,717,DDR5,5200,40,15.385,64,2,4.26,288-pin DIMM (DDR5),Gray,1.25,1,11/22/2024 17:18,11/22/2024 17:18
62,718,DDR5,5600,40,14.286,64,2,3.125,288-pin DIMM (DDR5),Black,1.25,1,11/22/2024 17:18,11/22/2024 17:18
63,719,DDR5,5600,40,14.286,64,2,3.453,288-pin DIMM (DDR5),Black,1.25,1,11/22/2024 17:18,11/22/2024 17:18
64,720,DDR5,5200,40,15.385,64,2,4.06,288-pin DIMM (DDR5),Black,1.25,1,11/22/2024 17:18,11/22/2024 17:18
65,721,DDR5,6000,36,12,32,2,2.84,288-pin DIMM (DDR5),Black,1.4,1,11/22/2024 17:18,11/22/2024 17:18
66,722,DDR5,6000,30,10,32,2,2.812,288-pin DIMM (DDR5),Black / Gray,1.4,1,11/22/2024 17:18,11/22/2024 17:18
67,723,DDR5,6000,36,12,32,2,3.75,288-pin DIMM (DDR5),White,1.35,1,11/22/2024 17:18,11/22/2024 17:18
68,724,DDR5,6000,30,10,32,2,3.125,288-pin DIMM (DDR5),Gray,1.4,1,11/22/2024 17:18,11/22/2024 17:18
69,725,DDR5,6000,30,10,32,2,2.906,288-pin DIMM (DDR5),Black / Silver,1.4,1,11/22/2024 17:18,11/22/2024 17:18
70,726,DDR5,6400,36,11.25,32,2,3,288-pin DIMM (DDR5),Black,1.4,1,11/22/2024 17:18,11/22/2024 17:18
71,727,DDR5,6000,36,12,32,2,2.906,288-pin DIMM (DDR5),Black,1.4,1,11/22/2024 17:18,11/22/2024 17:18
72,728,DDR5,6000,30,10,32,2,5,288-pin DIMM (DDR5),White,1.4,1,11/22/2024 17:18,11/22/2024 17:18
73,729,DDR5,5200,40,15.385,32,2,2.937,288-pin DIMM (DDR5),Black,1.25,1,11/22/2024 17:18,11/22/2024 17:18
74,730,DDR5,6000,28,9.333,32,2,4.125,288-pin DIMM (DDR5),Black,1.4,1,11/22/2024 17:18,11/22/2024 17:18
75,731,DDR5,6400,32,10,32,2,3.125,288-pin DIMM (DDR5),Black,1.4,1,11/22/2024 17:18,11/22/2024 17:18
76,732,DDR5,5200,40,15.385,32,2,3.125,288-pin DIMM (DDR5),White,1.25,1,11/22/2024 17:18,11/22/2024 17:18
77,733,DDR5,5600,36,12.857,32,2,3.281,288-pin DIMM (DDR5),Black,1.25,1,11/22/2024 17:18,11/22/2024 17:18
78,734,DDR5,4800,40,16.667,32,2,2.375,288-pin DIMM (DDR5),Black,1.1,1,11/22/2024 17:18,11/22/2024 17:18
79,735,DDR5,5600,40,14.286,32,2,3.499,288-pin DIMM (DDR5),Black / Gray,1.25,1,11/22/2024 17:18,11/22/2024 17:18
80,736,DDR5,6000,36,12,32,2,2.875,288-pin DIMM (DDR5),White / Silver,1.4,1,11/22/2024 17:18,11/22/2024 17:18
81,737,DDR5,6400,32,10,32,2,2.968,288-pin DIMM (DDR5),Black / Gray,1.4,1,11/22/2024 17:18,11/22/2024 17:18
82,738,DDR5,5200,40,15.385,32,2,2.812,288-pin DIMM (DDR5),Black,1.25,1,11/22/2024 17:18,11/22/2024 17:18
83,739,DDR5,6200,36,11.613,32,2,5,288-pin DIMM (DDR5),Black,1.3,1,11/22/2024 17:18,11/22/2024 17:18
84,740,DDR5,6000,30,10,32,2,4.125,288-pin DIMM (DDR5),White / Silver,1.4,1,11/22/2024 17:18,11/22/2024 17:18
85,741,DDR5,7200,34,9.444,32,2,3.612,288-pin DIMM (DDR5),Black,1.45,1,11/22/2024 17:18,11/22/2024 17:18
86,742,DDR5,6000,30,10,32,2,5,288-pin DIMM (DDR5),Black,1.4,1,11/22/2024 17:18,11/22/2024 17:18
87,743,DDR5,6000,36,12,32,2,2.656,288-pin DIMM (DDR5),Black,1.4,1,11/22/2024 17:18,11/22/2024 17:18
88,744,DDR5,6000,36,12,32,2,2.812,288-pin DIMM (DDR5),Black,1.35,1,11/22/2024 17:18,11/22/2024 17:18
89,745,DDR5,6200,36,11.613,32,2,5,288-pin DIMM (DDR5),White,1.3,1,11/22/2024 17:18,11/22/2024 17:18
90,746,DDR5,6400,36,11.25,32,2,2.812,288-pin DIMM (DDR5),Black,1.4,1,11/22/2024 17:18,11/22/2024 17:18
91,747,DDR5,6000,30,10,32,2,4.062,288-pin DIMM (DDR5),Black / Gray,1.4,1,11/22/2024 17:18,11/22/2024 17:18
92,748,DDR5,5200,40,15.385,32,2,3,288-pin DIMM (DDR5),White,1.25,1,11/22/2024 17:18,11/22/2024 17:18
93,749,DDR5,6400,36,11.25,32,2,3.75,288-pin DIMM (DDR5),White / Black,1.4,1,11/22/2024 17:18,11/22/2024 17:18
94,750,DDR5,7200,34,9.444,32,2,5.937,288-pin DIMM (DDR5),Black,1.45,1,11/22/2024 17:18,11/22/2024 17:18
95,751,DDR5,7200,34,9.444,32,2,6.031,288-pin DIMM (DDR5),White,1.45,1,11/22/2024 17:18,11/22/2024 17:18
96,752,DDR5,7000,34,9.714,32,2,4.687,288-pin DIMM (DDR5),White,1.4,1,11/22/2024 17:18,11/22/2024 17:18
97,753,DDR5,7200,34,9.444,32,2,4.625,288-pin DIMM (DDR5),Gray,1.45,1,11/22/2024 17:18,11/22/2024 17:18
98,754,DDR5,5200,40,15.385,32,2,3,288-pin DIMM (DDR5),Gray,1.25,1,11/22/2024 17:18,11/22/2024 17:18
99,755,DDR5,6600,32,9.697,32,2,5.687,288-pin DIMM (DDR5),Black,1.4,1,11/22/2024 17:18,11/22/2024 17:18
100,756,DDR5,6000,30,10,32,2,4.968,288-pin DIMM (DDR5),Black,1.4,1,11/22/2024 17:18,11/22/2024 17:18
101,757,DDR5,6000,36,12,32,2,2.875,288-pin DIMM (DDR5),Black / Gray,1.4,1,11/22/2024 17:18,11/22/2024 17:18
102,758,DDR5,7000,34,9.714,32,2,4.687,288-pin DIMM (DDR5),Black,1.4,1,11/22/2024 17:18,11/22/2024 17:18
103,759,DDR5,5600,40,14.286,32,2,2.5,288-pin DIMM (DDR5),Black / Gray,1.25,1,11/22/2024 17:18,11/22/2024 17:18
104,760,DDR5,6400,32,10,32,2,4.312,288-pin DIMM (DDR5),White / Silver,1.4,1,11/22/2024 17:18,11/22/2024 17:18
105,761,DDR5,6200,36,11.613,32,2,4.25,288-pin DIMM (DDR5),White,1.3,1,11/22/2024 17:18,11/22/2024 17:18
106,762,DDR5,6600,32,9.697,32,2,5.468,288-pin DIMM (DDR5),White,1.4,1,11/22/2024 17:18,11/22/2024 17:18
107,763,DDR5,6000,30,10,32,2,5.25,288-pin DIMM (DDR5),Gray,1.4,1,11/22/2024 17:18,11/22/2024 17:18
108,764,DDR5,7600,36,9.474,32,2,6.187,288-pin DIMM (DDR5),Black,1.45,1,11/22/2024 17:18,11/22/2024 17:18
109,765,DDR5,6000,40,13.333,32,2,3.812,288-pin DIMM (DDR5),White,1.35,1,11/22/2024 17:18,11/22/2024 17:18
110,766,DDR5,6400,32,10,32,2,5.468,288-pin DIMM (DDR5),White,1.4,1,11/22/2024 17:18,11/22/2024 17:18
111,767,DDR5,6600,32,9.697,32,2,4.406,288-pin DIMM (DDR5),Black,1.4,1,11/22/2024 17:18,11/22/2024 17:18
112,768,DDR5,7000,36,10.286,32,2,3.75,288-pin DIMM (DDR5),Black / Gray,1.45,1,11/22/2024 17:18,11/22/2024 17:18
113,769,DDR5,6000,40,13.333,32,2,3.531,288-pin DIMM (DDR5),Black,1.35,1,11/22/2024 17:18,11/22/2024 17:18
114,770,DDR5,5600,36,12.857,32,2,3.281,288-pin DIMM (DDR5),White,1.25,1,11/22/2024 17:18,11/22/2024 17:18
115,771,DDR5,6600,32,9.697,32,2,4.218,288-pin DIMM (DDR5),Black,1.4,1,11/22/2024 17:18,11/22/2024 17:18
116,772,DDR5,6400,32,10,32,2,4.187,288-pin DIMM (DDR5),White / Gray,1.4,1,11/22/2024 17:18,11/22/2024 17:18
117,773,DDR5,5200,40,15.385,32,2,3.968,288-pin DIMM (DDR5),Black / Silver,1.25,1,11/22/2024 17:18,11/22/2024 17:18
118,774,DDR5,7000,40,11.429,32,2,4.312,288-pin DIMM (DDR5),Black / Silver,1.4,1,11/22/2024 17:18,11/22/2024 17:18
119,775,DDR5,7000,40,11.429,32,2,4.531,288-pin DIMM (DDR5),Black / Silver,1.4,1,11/22/2024 17:18,11/22/2024 17:18
120,776,DDR5,5200,40,15.385,32,2,3.25,288-pin DIMM (DDR5),Black,1.25,1,11/22/2024 17:18,11/22/2024 17:18
121,777,DDR5,6000,36,12,32,2,3.281,288-pin DIMM (DDR5),White / Gray,1.4,1,11/22/2024 17:18,11/22/2024 17:18
122,778,DDR5,6400,32,10,32,2,5.468,288-pin DIMM (DDR5),Black,1.4,1,11/22/2024 17:18,11/22/2024 17:18
123,779,DDR5,6000,30,10,32,2,4.968,288-pin DIMM (DDR5),Black,1.4,0,11/22/2024 17:18,11/22/2024 17:18
124,780,DDR5,7200,34,9.444,32,2,5.625,288-pin DIMM (DDR5),Black,1.45,1,11/22/2024 17:18,11/22/2024 17:18
125,781,DDR5,6400,32,10,32,2,5.156,288-pin DIMM (DDR5),Black,1.4,1,11/22/2024 17:18,11/22/2024 17:18
126,782,DDR5,5600,36,12.857,32,2,4.468,288-pin DIMM (DDR5),White,1.3,1,11/22/2024 17:18,11/22/2024 17:18
127,783,DDR5,6000,36,12,32,2,3.75,288-pin DIMM (DDR5),Black,1.35,1,11/22/2024 17:18,11/22/2024 17:18
128,784,DDR5,6200,36,11.613,32,2,3.531,288-pin DIMM (DDR5),Black,1.4,1,11/22/2024 17:18,11/22/2024 17:18
129,785,DDR5,6800,40,11.765,32,2,3.937,288-pin DIMM (DDR5),Black,1.4,1,11/22/2024 17:18,11/22/2024 17:18
130,786,DDR5,5600,40,14.286,32,2,2.656,288-pin DIMM (DDR5),Black / Gray,1.25,1,11/22/2024 17:18,11/22/2024 17:18
131,787,DDR5,5200,40,15.385,32,2,3.75,288-pin DIMM (DDR5),White,1.25,1,11/22/2024 17:18,11/22/2024 17:18
132,788,DDR5,6000,36,12,32,2,4.843,288-pin DIMM (DDR5),White,1.25,1,11/22/2024 17:18,11/22/2024 17:18
133,789,DDR5,6800,40,11.765,32,2,4.312,288-pin DIMM (DDR5),Black,1.4,1,11/22/2024 17:18,11/22/2024 17:18
134,790,DDR5,6000,40,13.333,32,2,3.812,288-pin DIMM (DDR5),Black,1.35,1,11/22/2024 17:18,11/22/2024 17:18
135,791,DDR5,6200,36,11.613,32,2,3.75,288-pin DIMM (DDR5),Black,1.3,1,11/22/2024 17:18,11/22/2024 17:18
136,792,DDR5,5600,36,12.857,32,2,4.375,288-pin DIMM (DDR5),Black,1.25,1,11/22/2024 17:18,11/22/2024 17:18
137,793,DDR5,6200,36,11.613,32,2,3.312,288-pin DIMM (DDR5),Black,1.4,1,11/22/2024 17:18,11/22/2024 17:18
138,794,DDR5,5600,40,14.286,32,2,3.25,288-pin DIMM (DDR5),White / Gray,1.25,1,11/22/2024 17:18,11/22/2024 17:18
139,795,DDR5,6600,38,11.515,32,2,4,288-pin DIMM (DDR5),Black,1.4,1,11/22/2024 17:18,11/22/2024 17:18
140,796,DDR5,5600,36,12.857,32,2,2.812,288-pin DIMM (DDR5),Black / Gray,1.25,1,11/22/2024 17:18,11/22/2024 17:18
141,797,DDR5,7200,34,9.444,32,2,6.906,288-pin DIMM (DDR5),White,1.45,1,11/22/2024 17:18,11/22/2024 17:18
142,798,DDR5,7000,36,10.286,32,2,4.531,288-pin DIMM (DDR5),Black,1.45,1,11/22/2024 17:18,11/22/2024 17:18
143,799,DDR5,7000,34,9.714,32,2,4.625,288-pin DIMM (DDR5),Gray,1.45,1,11/22/2024 17:18,11/22/2024 17:18
144,800,DDR5,6600,32,9.697,32,2,5.468,288-pin DIMM (DDR5),Black,1.4,1,11/22/2024 17:18,11/22/2024 17:18
145,801,DDR5,6000,36,12,32,2,3.593,288-pin DIMM (DDR5),Gray,1.35,1,11/22/2024 17:18,11/22/2024 17:18
146,802,DDR5,6000,36,12,32,2,3.906,288-pin DIMM (DDR5),White / Silver,1.25,1,11/22/2024 17:18,11/22/2024 17:18
147,803,DDR5,6000,30,10,32,2,4.688,288-pin DIMM (DDR5),Black,1.4,1,11/22/2024 17:18,11/22/2024 17:18
148,804,DDR5,6400,38,11.875,32,2,4.218,288-pin DIMM (DDR5),Black,1.35,1,11/22/2024 17:18,11/22/2024 17:18
149,805,DDR5,5600,40,14.286,32,2,3.125,288-pin DIMM (DDR5),Black / Gray,1.25,1,11/22/2024 17:18,11/22/2024 17:18
150,806,DDR5,7200,34,9.444,32,2,6.906,288-pin DIMM (DDR5),Black,1.45,1,11/22/2024 17:18,11/22/2024 17:18
151,807,DDR5,6000,36,12,32,2,4.843,288-pin DIMM (DDR5),Black,1.35,1,11/22/2024 17:18,11/22/2024 17:18
152,808,DDR5,6000,36,12,32,2,2.968,288-pin DIMM (DDR5),Black / Silver,1.25,1,11/22/2024 17:18,11/22/2024 17:18
153,809,DDR5,6000,36,12,32,2,4.375,288-pin DIMM (DDR5),Black,1.25,1,11/22/2024 17:18,11/22/2024 17:18
154,810,DDR5,6200,32,10.323,32,2,3.682,288-pin DIMM (DDR5),Black / Silver,1.4,1,11/22/2024 17:18,11/22/2024 17:18
155,811,DDR5,6600,38,11.515,32,2,3.687,288-pin DIMM (DDR5),Black / Silver,1.4,1,11/22/2024 17:18,11/22/2024 17:18
156,812,DDR5,5600,36,12.857,32,2,3.468,288-pin DIMM (DDR5),Gray,1.25,1,11/22/2024 17:18,11/22/2024 17:18
157,813,DDR5,6000,36,12,32,2,2.906,288-pin DIMM (DDR5),Black,1.25,1,11/22/2024 17:18,11/22/2024 17:18
158,814,DDR5,6000,36,12,32,2,4.468,288-pin DIMM (DDR5),,1.4,1,11/22/2024 17:18,11/22/2024 17:18
159,815,DDR5,5600,36,12.857,32,2,3.187,288-pin DIMM (DDR5),Black,1.25,1,11/22/2024 17:18,11/22/2024 17:18
160,816,DDR5,7000,34,9.714,32,2,5.906,288-pin DIMM (DDR5),Black,1.45,1,11/22/2024 17:18,11/22/2024 17:18
161,817,DDR5,6400,36,11.25,32,2,2.968,288-pin DIMM (DDR5),Black / Gray,1.4,1,11/22/2024 17:18,11/22/2024 17:18
162,818,DDR5,6400,32,10,32,2,4.187,288-pin DIMM (DDR5),Black,1.4,1,11/22/2024 17:18,11/22/2024 17:18
163,819,DDR5,6000,36,12,32,2,3.906,288-pin DIMM (DDR5),Black / Gray,1.35,1,11/22/2024 17:18,11/22/2024 17:18
164,820,DDR5,5600,40,14.286,32,2,3.25,288-pin DIMM (DDR5),White / Gray,1.25,1,11/22/2024 17:18,11/22/2024 17:18
165,821,DDR5,6200,36,11.613,32,2,3.687,288-pin DIMM (DDR5),Black,1.3,1,11/22/2024 17:18,11/22/2024 17:18
166,822,DDR5,5200,38,14.615,32,2,7.017,288-pin DIMM (DDR5),Black,1.25,1,11/22/2024 17:18,11/22/2024 17:18
167,823,DDR5,5200,40,15.385,32,2,3.75,288-pin DIMM (DDR5),Gray / Black,1.25,1,11/22/2024 17:18,11/22/2024 17:18
168,824,DDR5,4800,40,16.667,32,2,2.499,262-pin SODIMM (DDR5),Black / White,1.1,0,11/22/2024 17:18,11/22/2024 17:18
169,825,DDR5,5600,36,12.857,32,2,3.75,288-pin DIMM (DDR5),Black / Gray,1.25,1,11/22/2024 17:18,11/22/2024 17:18
170,826,DDR5,6000,36,12,32,2,3.593,288-pin DIMM (DDR5),White / Gray,1.35,1,11/22/2024 17:18,11/22/2024 17:18
171,827,DDR5,6400,38,11.875,32,2,5.125,288-pin DIMM (DDR5),Black,1.35,1,11/22/2024 17:18,11/22/2024 17:18
172,828,DDR5,5600,36,12.857,32,2,4.468,288-pin DIMM (DDR5),Gray / Black,1.25,1,11/22/2024 17:18,11/22/2024 17:18
173,829,DDR5,5600,36,12.857,32,2,4.625,288-pin DIMM (DDR5),Black / Silver,1.25,1,11/22/2024 17:18,11/22/2024 17:18
174,830,DDR5,6000,36,12,32,2,4.843,288-pin DIMM (DDR5),Black,1.35,1,11/22/2024 17:18,11/22/2024 17:18
175,831,DDR5,6200,36,11.613,32,2,4.968,288-pin DIMM (DDR5),Black,1.4,1,11/22/2024 17:18,11/22/2024 17:18
176,832,DDR4,3600,18,10,32,2,2.687,288-pin DIMM (DDR4),Black,1.35,1,11/22/2024 18:12,11/22/2024 18:12
177,833,DDR4,3600,18,10,32,2,1.531,288-pin DIMM (DDR4),Black / Yellow,1.35,1,11/22/2024 18:12,11/22/2024 18:12
178,834,DDR4,3200,16,10,32,2,1.593,288-pin DIMM (DDR4),Black / Yellow,1.35,1,11/22/2024 18:12,11/22/2024 18:12
179,835,DDR4,3600,18,10,32,2,2.375,288-pin DIMM (DDR4),White / Black,1.35,1,11/22/2024 18:12,11/22/2024 18:12
180,836,DDR4,3200,16,10,32,2,2.593,288-pin DIMM (DDR4),White,1.35,1,11/22/2024 18:12,11/22/2024 18:12
181,837,DDR4,3600,18,10,32,2,1.812,288-pin DIMM (DDR4),Black / Yellow,1.35,1,11/22/2024 18:12,11/22/2024 18:12
182,838,DDR4,3200,16,10,32,2,1.718,288-pin DIMM (DDR4),Black,1.35,1,11/22/2024 18:12,11/22/2024 18:12
183,839,DDR4,3600,16,8.889,32,2,2.468,288-pin DIMM (DDR4),Black / Yellow,1.35,1,11/22/2024 18:12,11/22/2024 18:12
184,840,DDR4,4600,18,7.826,32,2,4.187,288-pin DIMM (DDR4),Black,1.5,1,11/22/2024 18:12,11/22/2024 18:12
185,841,DDR4,2133,13,12.189,32,2,1.843,288-pin DIMM (DDR4),Black / Yellow,1.2,1,11/22/2024 18:12,11/22/2024 18:12
186,842,DDR4,3200,16,10,32,2,4.281,288-pin DIMM (DDR4),Black,1.35,1,11/22/2024 18:12,11/22/2024 18:12
187,843,DDR4,3200,16,10,32,2,3.125,288-pin DIMM (DDR4),Black / Yellow,1.35,1,11/22/2024 18:12,11/22/2024 18:12
188,844,DDR4,3600,18,10,32,2,1.875,288-pin DIMM (DDR4),Black,1.35,1,11/22/2024 18:12,11/22/2024 18:12
189,845,DDR4,3600,16,8.889,32,2,2.812,288-pin DIMM (DDR4),Black,1.35,1,11/22/2024 18:12,11/22/2024 18:12
190,846,DDR4,3200,16,10,32,2,3.25,288-pin DIMM (DDR4),Black,1.35,1,11/22/2024 18:12,11/22/2024 18:12
191,847,DDR4,3200,16,10,32,2,2.468,288-pin DIMM (DDR4),Black / Gray,1.35,1,11/22/2024 18:12,11/22/2024 18:12
192,848,DDR4,4000,18,9,32,2,3.125,288-pin DIMM (DDR4),Black / Yellow,1.35,1,11/22/2024 18:12,11/22/2024 18:12
193,849,DDR4,2666,16,12.003,32,2,1.968,288-pin DIMM (DDR4),Black / Yellow,1.2,1,11/22/2024 18:12,11/22/2024 18:12
194,850,DDR4,3000,16,10.667,32,2,2,288-pin DIMM (DDR4),Black,1.35,1,11/22/2024 18:12,11/22/2024 18:12
195,851,DDR4,3600,18,10,32,2,2.499,288-pin DIMM (DDR4),Black / Gray,1.35,1,11/22/2024 18:12,11/22/2024 18:12
196,852,DDR4,2400,14,11.667,32,2,1.968,288-pin DIMM (DDR4),Black / Yellow,1.2,1,11/22/2024 18:12,11/22/2024 18:12
197,853,DDR4,3200,16,10,32,2,2.531,288-pin DIMM (DDR4),White / Black,1.35,1,11/22/2024 18:12,11/22/2024 18:12
198,854,DDR4,3600,18,10,32,2,2.687,288-pin DIMM (DDR4),Black,1.35,1,11/22/2024 18:12,11/22/2024 18:12
199,855,DDR4,4000,18,9,32,2,3.406,288-pin DIMM (DDR4),Black,1.35,1,11/22/2024 18:12,11/22/2024 18:12
200,856,DDR4,3600,18,10,32,2,3.437,288-pin DIMM (DDR4),Black,1.35,1,11/22/2024 18:12,11/22/2024 18:12
201,857,DDR4,2666,16,12.003,32,2,2.531,288-pin DIMM (DDR4),White,1.2,1,11/22/2024 18:12,11/22/2024 18:12
202,858,DDR4,3200,16,10,32,2,2.531,288-pin DIMM (DDR4),Black,1.35,1,11/22/2024 18:12,11/22/2024 18:12
203,859,DDR4,2400,16,13.333,32,2,1.875,288-pin DIMM (DDR4),Black / Yellow,1.2,1,11/22/2024 18:12,11/22/2024 18:12
204,860,DDR4,2666,16,12.003,32,2,2.531,288-pin DIMM (DDR4),Black,1.2,1,11/22/2024 18:12,11/22/2024 18:12
205,861,DDR4,3600,18,10,32,2,2.593,288-pin DIMM (DDR4),Black,1.35,1,11/22/2024 18:12,11/22/2024 18:12
206,862,DDR4,4000,18,9,32,2,3.468,288-pin DIMM (DDR4),Black,1.35,1,11/22/2024 18:12,11/22/2024 18:12
207,863,DDR4,3000,16,10.667,32,2,2.531,288-pin DIMM (DDR4),Black,1.35,1,11/22/2024 18:12,11/22/2024 18:12
208,864,DDR4,4000,18,9,32,2,4.187,288-pin DIMM (DDR4),Black,1.35,1,11/22/2024 18:12,11/22/2024 18:12
209,865,DDR4,2933,16,10.91,32,2,2.593,288-pin DIMM (DDR4),Black,1.35,1,11/22/2024 18:12,11/22/2024 18:12
210,866,DDR4,3466,16,9.233,32,2,3.406,288-pin DIMM (DDR4),Black,1.35,1,11/22/2024 18:12,11/22/2024 18:12
211,867,DDR4,3600,18,10,32,2,2.687,288-pin DIMM (DDR4),White / Black,1.35,1,11/22/2024 18:12,11/22/2024 18:12
212,868,DDR4,3200,16,10,32,2,2.593,288-pin DIMM (DDR4),Black,1.35,1,11/22/2024 18:12,11/22/2024 18:12
213,869,DDR4,2666,16,12.003,32,2,2.281,288-pin DIMM (DDR4),Red,1.2,1,11/22/2024 18:12,11/22/2024 18:12
214,870,DDR4,3000,15,10,32,2,12.438,288-pin DIMM (DDR4),Black,1.35,1,11/22/2024 18:12,11/22/2024 18:12
215,871,DDR4,4000,19,9.5,32,2,4.031,288-pin DIMM (DDR4),Black,1.35,1,11/22/2024 18:12,11/22/2024 18:12
216,872,DDR4,4000,18,9,32,2,8.906,288-pin DIMM (DDR4),Black,1.35,1,11/22/2024 18:12,11/22/2024 18:12
217,873,DDR4,4133,19,9.194,32,2,17.247,288-pin DIMM (DDR4),Black / Yellow,1.4,1,11/22/2024 18:12,11/22/2024 18:12
218,874,DDR4,3200,16,10,32,2,9.119,288-pin DIMM (DDR4),Black / Yellow,1.35,1,11/22/2024 18:12,11/22/2024 18:12
219,875,DDR4,3200,16,10,32,2,2.593,288-pin DIMM (DDR4),Black,1.35,1,11/22/2024 18:12,11/22/2024 18:12
220,876,DDR4,2666,18,13.503,32,2,1.875,260-pin SODIMM (DDR4),Black / Yellow,1.2,0,11/22/2024 18:12,11/22/2024 18:12
221,877,DDR4,3600,18,10,32,2,2.687,288-pin DIMM (DDR4),Black,1.35,1,11/22/2024 18:12,11/22/2024 18:12
222,878,DDR4,3200,16,10,32,2,3.25,288-pin DIMM (DDR4),Black,1.35,1,11/22/2024 18:12,11/22/2024 18:12
223,879,DDR4,4000,18,9,32,2,8.437,288-pin DIMM (DDR4),Black,1.35,1,11/22/2024 18:12,11/22/2024 18:12
224,880,DDR4,3200,16,10,32,2,2.593,288-pin DIMM (DDR4),White / Black,1.35,1,11/22/2024 18:12,11/22/2024 18:12
225,881,DDR4,4000,18,9,32,2,4.187,288-pin DIMM (DDR4),Black,1.35,1,11/22/2024 18:12,11/22/2024 18:12
226,882,DDR5,6000,30,10,32,2,3.125,288-pin DIMM (DDR5),Black,1.35,1,11/22/2024 20:36,11/22/2024 20:36
227,883,DDR5,6400,32,10,64,2,2.969,288-pin DIMM (DDR5),Black / Silver,1.4,1,11/22/2024 20:36,11/22/2024 20:36
228,884,DDR5,6000,30,10,32,2,3.281,288-pin DIMM (DDR5),Black,1.35,0,11/22/2024 20:36,11/22/2024 20:36
229,885,DDR5,6000,36,12,32,2,2.499,288-pin DIMM (DDR5),Black,1.35,0,11/22/2024 20:36,11/22/2024 20:36
230,886,DDR5,6000,32,10.667,32,2,2.718,288-pin DIMM (DDR5),Black,1.35,0,11/22/2024 20:36,11/22/2024 20:36
231,887,DDR5,6400,32,10,32,2,3.125,288-pin DIMM (DDR5),Black,1.4,1,11/22/2024 20:36,11/22/2024 20:36
232,888,DDR5,6000,30,10,64,2,2.937,288-pin DIMM (DDR5),Black / Silver,1.4,1,11/22/2024 20:36,11/22/2024 20:36
233,889,DDR5,6000,30,10,64,2,2.734,288-pin DIMM (DDR5),Black,1.4,1,11/22/2024 20:36,11/22/2024 20:36
234,890,DDR5,6000,30,10,32,2,3.125,288-pin DIMM (DDR5),Black,1.35,1,11/22/2024 20:36,11/22/2024 20:36
235,891,DDR5,7200,34,9.444,32,2,3.593,288-pin DIMM (DDR5),Black,1.4,1,11/22/2024 20:36,11/22/2024 20:36
236,892,DDR5,6000,30,10,64,2,3.047,288-pin DIMM (DDR5),Black / Silver,1.4,1,11/22/2024 20:36,11/22/2024 20:36
237,893,DDR5,6000,28,9.333,32,2,4,288-pin DIMM (DDR5),Silver,1.4,1,11/22/2024 20:36,11/22/2024 20:36
238,894,DDR5,8400,40,9.524,48,2,6.25,288-pin DIMM (DDR5),Black,1.4,1,11/22/2024 20:36,11/22/2024 20:36
239,895,DDR5,6000,40,13.333,32,2,23.592,288-pin DIMM (DDR5),White / Black,1.3,1,11/22/2024 20:36,11/22/2024 20:36
240,896,DDR5,6400,32,10,32,2,3.437,288-pin DIMM (DDR5),White / Black,1.4,1,11/22/2024 20:36,11/22/2024 20:36
241,897,DDR5,6800,34,10,96,2,3.854,288-pin DIMM (DDR5),Black,1.35,1,11/22/2024 20:36,11/22/2024 20:36
242,898,DDR5,6000,36,12,32,2,2.593,288-pin DIMM (DDR5),Black,1.35,1,11/22/2024 20:36,11/22/2024 20:36
243,899,DDR5,6800,34,10,64,2,3.75,288-pin DIMM (DDR5),Black,1.4,1,11/22/2024 20:36,11/22/2024 20:36
244,900,DDR5,6000,36,12,32,2,2.75,288-pin DIMM (DDR5),Black,1.35,1,11/22/2024 20:36,11/22/2024 20:36
245,901,DDR5,6400,30,9.375,32,2,3.906,288-pin DIMM (DDR5),Black,1.4,1,11/22/2024 20:36,11/22/2024 20:36
246,902,DDR5,6400,32,10,32,2,3.218,288-pin DIMM (DDR5),Black,1.4,1,11/22/2024 20:36,11/22/2024 20:36
247,903,DDR5,6000,30,10,64,2,2.969,288-pin DIMM (DDR5),Black,1.4,1,11/22/2024 20:36,11/22/2024 20:36
248,904,DDR5,6400,32,10,96,2,3.177,288-pin DIMM (DDR5),Black,1.35,1,11/22/2024 20:36,11/22/2024 20:36
249,905,DDR5,6000,30,10,32,2,3.531,288-pin DIMM (DDR5),Black,1.35,0,11/22/2024 20:36,11/22/2024 20:36
250,906,DDR5,8000,40,10,48,2,5.208,288-pin DIMM (DDR5),Black,1.35,1,11/22/2024 20:36,11/22/2024 20:36
251,907,DDR5,6400,32,10,64,2,3.281,288-pin DIMM (DDR5),Silver,1.4,1,11/22/2024 20:36,11/22/2024 20:36
252,908,DDR5,5600,28,10,32,2,3.125,288-pin DIMM (DDR5),Black,1.35,1,11/22/2024 20:36,11/22/2024 20:36
253,909,DDR5,8400,40,9.524,48,2,6.25,288-pin DIMM (DDR5),White,1.4,1,11/22/2024 20:36,11/22/2024 20:36
254,910,DDR5,6400,32,10,64,2,3.281,288-pin DIMM (DDR5),White / Black,1.4,1,11/22/2024 20:36,11/22/2024 20:36
255,911,DDR5,6400,32,10,32,2,3.687,288-pin DIMM (DDR5),Silver,1.4,1,11/22/2024 20:36,11/22/2024 20:36
256,912,DDR5,8000,38,9.5,32,2,6.25,288-pin DIMM (DDR5),Black,1.45,1,11/22/2024 20:36,11/22/2024 20:36
257,913,DDR5,8400,40,9.524,48,2,6.458,288-pin DIMM (DDR5),Silver,1.4,1,11/22/2024 20:36,11/22/2024 20:36
258,914,DDR5,5600,28,10,64,2,2.89,288-pin DIMM (DDR5),Black,1.35,1,11/22/2024 20:36,11/22/2024 20:36
259,915,DDR5,7600,36,9.474,32,2,4.687,288-pin DIMM (DDR5),Black,1.4,1,11/22/2024 20:36,11/22/2024 20:36
260,916,DDR5,6400,32,10,64,2,3.047,288-pin DIMM (DDR5),Black,1.4,1,11/22/2024 20:36,11/22/2024 20:36
261,917,DDR5,6000,30,10,32,2,3.125,288-pin DIMM (DDR5),White,1.35,1,11/22/2024 20:36,11/22/2024 20:36
262,918,DDR5,6000,30,10,32,2,3.906,288-pin DIMM (DDR5),Silver / Black,1.35,1,11/22/2024 20:36,11/22/2024 20:36
263,919,DDR5,6000,30,10,64,2,3.359,288-pin DIMM (DDR5),Silver / Black,1.4,1,11/22/2024 20:36,11/22/2024 20:36
264,920,DDR5,6000,36,12,64,2,2.344,288-pin DIMM (DDR5),Black,1.35,1,11/22/2024 20:36,11/22/2024 20:36
265,921,DDR5,6000,36,12,64,2,2.5,288-pin DIMM (DDR5),Black,1.35,1,11/22/2024 20:36,11/22/2024 20:36
266,922,DDR5,6000,30,10,64,2,3.203,288-pin DIMM (DDR5),Black,1.4,1,11/22/2024 20:36,11/22/2024 20:36
267,923,DDR5,6000,30,10,32,2,3.468,288-pin DIMM (DDR5),White,1.35,1,11/22/2024 20:36,11/22/2024 20:36
268,924,DDR5,6400,30,9.375,32,2,4.687,288-pin DIMM (DDR5),Silver,1.4,1,11/22/2024 20:36,11/22/2024 20:36
269,925,DDR5,6400,32,10,96,2,3.542,288-pin DIMM (DDR5),Silver,1.35,1,11/22/2024 20:36,11/22/2024 20:36
270,926,DDR5,6800,34,10,64,2,3.594,288-pin DIMM (DDR5),Black,1.4,1,11/22/2024 20:36,11/22/2024 20:36
271,927,DDR5,7800,36,9.231,32,2,5,288-pin DIMM (DDR5),Black,1.45,1,11/22/2024 20:36,11/22/2024 20:36
272,928,DDR5,6000,36,12,32,2,2.906,288-pin DIMM (DDR5),Black,1.35,0,11/22/2024 20:36,11/22/2024 20:36
273,929,DDR5,7200,34,9.444,32,2,4.375,288-pin DIMM (DDR5),Silver,1.4,1,11/22/2024 20:36,11/22/2024 20:36
274,930,DDR5,8000,38,9.5,32,2,6.25,288-pin DIMM (DDR5),Silver,1.45,1,11/22/2024 20:36,11/22/2024 20:36
275,931,DDR5,6400,32,10,96,2,3.333,288-pin DIMM (DDR5),Black,1.35,1,11/22/2024 20:36,11/22/2024 20:36
276,932,DDR5,8000,38,9.5,32,2,6.25,288-pin DIMM (DDR5),Black,1.45,1,11/22/2024 20:36,11/22/2024 20:36
277,933,DDR5,6000,30,10,64,2,3.203,288-pin DIMM (DDR5),White / Black,1.4,1,11/22/2024 20:36,11/22/2024 20:36
278,934,DDR5,6000,36,12,32,2,2.906,288-pin DIMM (DDR5),White / Black,1.35,1,11/22/2024 20:36,11/22/2024 20:36
279,935,DDR5,6800,34,10,96,2,3.698,288-pin DIMM (DDR5),Black,1.35,1,11/22/2024 20:36,11/22/2024 20:36
280,936,DDR5,5600,28,10,32,2,3.437,288-pin DIMM (DDR5),Black,1.35,1,11/22/2024 20:36,11/22/2024 20:36
281,937,DDR5,6800,34,10,32,2,3.437,288-pin DIMM (DDR5),Black,1.4,1,11/22/2024 20:36,11/22/2024 20:36
282,938,DDR5,6400,36,11.25,32,2,3,288-pin DIMM (DDR5),White,1.35,1,11/22/2024 20:36,11/22/2024 20:36
283,939,DDR5,6400,32,10,48,2,3.666,288-pin DIMM (DDR5),Black,1.35,1,11/22/2024 20:36,11/22/2024 20:36
284,940,DDR5,6000,30,10,32,2,3.531,288-pin DIMM (DDR5),Black,1.35,1,11/22/2024 20:36,11/22/2024 20:36
285,941,DDR5,6400,32,10,64,2,3.203,288-pin DIMM (DDR5),White,1.4,1,11/22/2024 20:36,11/22/2024 20:36
286,942,DDR5,8200,40,9.756,48,2,5.625,288-pin DIMM (DDR5),Black,1.35,1,11/22/2024 20:36,11/22/2024 20:36
287,943,DDR5,6400,30,9.375,32,2,4.687,288-pin DIMM (DDR5),White,1.4,1,11/22/2024 20:36,11/22/2024 20:36
288,944,DDR5,5200,40,15.385,64,2,2.187,288-pin DIMM (DDR5),Black,1.1,1,11/22/2024 20:36,11/22/2024 20:36
289,945,DDR5,6000,30,10,32,2,3.437,288-pin DIMM (DDR5),Black,1.35,1,11/22/2024 20:36,11/22/2024 20:36
290,946,DDR5,6400,32,10,32,2,3.437,288-pin DIMM (DDR5),Black,1.4,1,11/22/2024 20:36,11/22/2024 20:36
291,947,DDR5,7200,34,9.444,32,2,3.906,288-pin DIMM (DDR5),Silver / Black,1.4,1,11/22/2024 20:36,11/22/2024 20:36
292,948,DDR5,5200,40,15.385,32,2,2.562,288-pin DIMM (DDR5),Black,1.1,1,11/22/2024 20:36,11/22/2024 20:36
293,949,DDR5,6000,30,10,64,2,3.203,288-pin DIMM (DDR5),White,1.4,1,11/22/2024 20:36,11/22/2024 20:36
294,950,DDR5,6400,32,10,96,2,3.333,288-pin DIMM (DDR5),White / Black,1.4,1,11/22/2024 20:36,11/22/2024 20:36
295,951,DDR5,5200,40,15.385,48,2,1.979,288-pin DIMM (DDR5),Black,1.1,1,11/22/2024 20:36,11/22/2024 20:36
296,952,DDR5,5200,40,15.385,96,2,1.823,288-pin DIMM (DDR5),Black,1.1,1,11/22/2024 20:36,11/22/2024 20:36
297,953,DDR5,6000,32,10.667,32,2,3.281,288-pin DIMM (DDR5),Black,1.35,1,11/22/2024 20:36,11/22/2024 20:36
298,954,DDR5,5600,28,10,64,2,2.969,288-pin DIMM (DDR5),White / Black,1.35,1,11/22/2024 20:36,11/22/2024 20:36
299,955,DDR5,7600,36,9.474,32,2,5.156,288-pin DIMM (DDR5),Silver,1.4,1,11/22/2024 20:36,11/22/2024 20:36
300,956,DDR5,6800,34,10,32,2,3.906,288-pin DIMM (DDR5),Black / Silver,1.4,1,11/22/2024 20:36,11/22/2024 20:36
301,957,DDR5,7200,36,10,48,2,4.166,288-pin DIMM (DDR5),Black,1.35,1,11/22/2024 20:36,11/22/2024 20:36
302,958,DDR5,6400,32,10,48,2,3.333,288-pin DIMM (DDR5),Black,1.35,1,11/22/2024 20:36,11/22/2024 20:36
303,959,DDR5,5200,36,13.846,32,2,2.593,288-pin DIMM (DDR5),Black / White,1.4,1,11/22/2024 20:36,11/22/2024 20:36
304,960,DDR5,5600,30,10.714,32,2,3.125,288-pin DIMM (DDR5),Black,1.25,0,11/22/2024 20:36,11/22/2024 20:36
305,961,DDR5,6000,32,10.667,64,2,3.203,288-pin DIMM (DDR5),Black / Silver,1.4,1,11/22/2024 20:36,11/22/2024 20:36
306,962,DDR5,6000,30,10,32,2,6.607,288-pin DIMM (DDR5),White / Black,1.35,1,11/22/2024 20:36,11/22/2024 20:36
307,963,DDR5,6400,32,10,32,2,3.75,288-pin DIMM (DDR5),Black,1.4,1,11/22/2024 20:36,11/22/2024 20:36
308,964,DDR5,6400,32,10,96,2,3.281,288-pin DIMM (DDR5),White,1.35,1,11/22/2024 20:36,11/22/2024 20:36
309,965,DDR5,6400,32,10,32,2,3.75,288-pin DIMM (DDR5),Black,1.4,1,11/22/2024 20:36,11/22/2024 20:36
310,966,DDR5,8000,40,10,48,2,5.208,288-pin DIMM (DDR5),Black,1.4,1,11/22/2024 20:36,11/22/2024 20:36
311,967,DDR5,5600,28,10,32,2,3.531,288-pin DIMM (DDR5),Black,1.35,0,11/22/2024 20:36,11/22/2024 20:36
312,968,DDR5,5200,40,15.385,48,2,1.875,288-pin DIMM (DDR5),Black,1.1,1,11/22/2024 20:36,11/22/2024 20:36
313,969,DDR5,6000,36,12,32,2,2.906,288-pin DIMM (DDR5),Black,1.35,1,11/22/2024 20:36,11/22/2024 20:36
314,970,DDR5,5200,40,15.385,96,2,1.771,288-pin DIMM (DDR5),White,1.1,1,11/22/2024 20:36,11/22/2024 20:36
315,971,DDR5,6400,36,11.25,32,2,3,288-pin DIMM (DDR5),Black,1.35,1,11/22/2024 20:36,11/22/2024 20:36
316,972,DDR5,6400,32,10,32,2,3.437,288-pin DIMM (DDR5),White,1.4,1,11/22/2024 20:36,11/22/2024 20:36
317,973,DDR5,5600,36,12.857,64,2,2.344,288-pin DIMM (DDR5),White,1.25,1,11/22/2024 20:36,11/22/2024 20:36
318,974,DDR5,7800,36,9.231,32,2,5,288-pin DIMM (DDR5),Silver / Black,1.45,1,11/22/2024 20:36,11/22/2024 20:36
319,975,DDR5,6400,32,10,48,2,3.666,288-pin DIMM (DDR5),White / Black,1.35,1,11/22/2024 20:36,11/22/2024 20:36
320,976,DDR5,8000,40,10,48,2,5.416,288-pin DIMM (DDR5),Silver,1.35,1,11/22/2024 20:36,11/22/2024 20:36
321,977,DDR4,3200,16,10,32,2,1.531,288-pin DIMM (DDR4),Black,1.35,1,11/22/2024 21:14,11/22/2024 21:14
322,978,DDR4,3200,16,10,16,2,1.874,288-pin DIMM (DDR4),Black,1.35,1,11/22/2024 21:14,11/22/2024 21:14
323,979,DDR4,3600,16,8.889,16,2,2.249,288-pin DIMM (DDR4),Black,1.35,1,11/22/2024 21:14,11/22/2024 21:14
324,980,DDR4,3600,16,8.889,32,2,1.843,288-pin DIMM (DDR4),Black,1.35,1,11/22/2024 21:14,11/22/2024 21:14
325,981,DDR4,3200,16,10,16,2,1.874,288-pin DIMM (DDR4),Red / Black,1.35,0,11/22/2024 21:14,11/22/2024 21:14
326,982,DDR4,3200,16,10,32,2,2.482,288-pin DIMM (DDR4),Black,1.35,1,11/22/2024 21:14,11/22/2024 21:14
327,983,DDR4,3600,18,10,32,2,1.562,288-pin DIMM (DDR4),Black,1.35,1,11/22/2024 21:14,11/22/2024 21:14
328,984,DDR4,3600,18,10,16,2,2.874,288-pin DIMM (DDR4),Black,1.35,1,11/22/2024 21:14,11/22/2024 21:14
329,985,DDR4,3200,16,10,32,2,1.562,288-pin DIMM (DDR4),Red / Black,1.35,0,11/22/2024 21:14,11/22/2024 21:14
330,986,DDR4,3600,18,10,32,2,1.843,288-pin DIMM (DDR4),Black,1.35,1,11/22/2024 21:14,11/22/2024 21:14
331,987,DDR4,3600,18,10,64,2,1.875,288-pin DIMM (DDR4),Black,1.35,1,11/22/2024 21:14,11/22/2024 21:14
332,988,DDR4,3600,16,8.889,32,2,2.437,288-pin DIMM (DDR4),Black / Silver,1.35,1,11/22/2024 21:14,11/22/2024 21:14
333,989,DDR4,4000,18,9,32,2,1.875,288-pin DIMM (DDR4),Black,1.4,1,11/22/2024 21:14,11/22/2024 21:14
334,990,DDR4,3600,18,10,16,2,2.062,288-pin DIMM (DDR4),Black,1.35,1,11/22/2024 21:14,11/22/2024 21:14
335,991,DDR4,3600,18,10,64,2,1.625,288-pin DIMM (DDR4),Black,1.35,1,11/22/2024 21:14,11/22/2024 21:14
336,992,DDR4,3200,16,10,16,2,2.874,288-pin DIMM (DDR4),Black,1.35,1,11/22/2024 21:14,11/22/2024 21:14
337,993,DDR4,3000,16,10.667,16,2,1.874,288-pin DIMM (DDR4),Black / Red,1.35,0,11/22/2024 21:14,11/22/2024 21:14
338,994,DDR4,4000,18,9,32,2,2.187,288-pin DIMM (DDR4),Black,1.4,1,11/22/2024 21:14,11/22/2024 21:14
339,995,DDR4,4400,19,8.636,32,2,2.387,288-pin DIMM (DDR4),Black,1.5,1,11/22/2024 21:14,11/22/2024 21:14
340,996,DDR4,4800,20,8.333,32,2,3.754,288-pin DIMM (DDR4),Black,1.55,1,11/22/2024 21:14,11/22/2024 21:14
341,997,DDR4,4400,19,8.636,32,2,2.812,288-pin DIMM (DDR4),Black,1.5,1,11/22/2024 21:14,11/22/2024 21:14
342,998,DDR4,4600,20,8.696,64,2,3.141,288-pin DIMM (DDR4),Black,1.55,1,11/22/2024 21:14,11/22/2024 21:14
343,999,DDR4,3600,16,8.889,16,2,3.252,288-pin DIMM (DDR4),Black / Silver,1.35,1,11/22/2024 21:14,11/22/2024 21:14
344,1000,DDR4,3600,19,10.556,32,2,2.968,288-pin DIMM (DDR4),Silver,1.35,1,11/22/2024 21:14,11/22/2024 21:14
345,1001,DDR4,3200,16,10,32,2,2.031,288-pin DIMM (DDR4),Black,1.35,1,11/22/2024 21:14,11/22/2024 21:14
346,1002,DDR4,4000,18,9,32,2,2.281,288-pin DIMM (DDR4),Black / Silver,1.4,1,11/22/2024 21:14,11/22/2024 21:14
347,1003,DDR4,4000,18,9,64,2,2.5,288-pin DIMM (DDR4),Black,1.4,1,11/22/2024 21:14,11/22/2024 21:14
348,1004,DDR4,3600,16,8.889,32,2,2.656,288-pin DIMM (DDR4),Black,1.35,1,11/22/2024 21:14,11/22/2024 21:14
349,1005,DDR4,2400,15,12.5,16,2,2.187,288-pin DIMM (DDR4),Black / Red,1.2,1,11/22/2024 21:14,11/22/2024 21:14
350,1006,DDR4,4000,18,9,64,2,2.344,288-pin DIMM (DDR4),Black,1.4,1,11/22/2024 21:14,11/22/2024 21:14
351,1007,DDR4,3600,16,8.889,64,2,2.422,288-pin DIMM (DDR4),Black / Silver,1.45,1,11/22/2024 21:14,11/22/2024 21:14
352,1008,DDR4,4000,18,9,32,2,2.812,288-pin DIMM (DDR4),Silver,1.4,1,11/22/2024 21:14,11/22/2024 21:14
353,1009,DDR4,3200,16,10,64,2,1.719,288-pin DIMM (DDR4),Black,1.35,1,11/22/2024 21:14,11/22/2024 21:14
354,1010,DDR4,3600,18,10,32,2,1.906,288-pin DIMM (DDR4),White / Black,1.35,1,11/22/2024 21:14,11/22/2024 21:14
355,1011,DDR4,4000,18,9,16,2,2.493,288-pin DIMM (DDR4),Black,1.35,1,11/22/2024 21:14,11/22/2024 21:14
356,1012,DDR4,3200,16,10,16,2,2.062,288-pin DIMM (DDR4),Red,1.35,1,11/22/2024 21:14,11/22/2024 21:14
357,1013,DDR4,3200,16,10,16,2,4.374,288-pin DIMM (DDR4),Silver,1.35,1,11/22/2024 21:14,11/22/2024 21:14
358,1014,DDR4,4600,19,8.261,32,2,3.906,288-pin DIMM (DDR4),Black,1.5,1,11/22/2024 21:14,11/22/2024 21:14
359,1015,DDR4,2666,19,14.254,32,2,1.718,288-pin DIMM (DDR4),Black / Red,1.2,0,11/22/2024 21:14,11/22/2024 21:14
360,1016,DDR4,4000,18,9,16,2,3.312,288-pin DIMM (DDR4),Black,1.35,1,11/22/2024 21:14,11/22/2024 21:14
361,1017,DDR4,3600,18,10,64,2,1.953,288-pin DIMM (DDR4),Silver / Black,1.35,1,11/22/2024 21:14,11/22/2024 21:14
362,1018,DDR4,3000,16,10.667,16,2,2.812,288-pin DIMM (DDR4),Black,1.35,1,11/22/2024 21:14,11/22/2024 21:14
363,1019,DDR4,3600,18,10,32,2,2.281,288-pin DIMM (DDR4),Black / Silver,1.35,1,11/22/2024 21:14,11/22/2024 21:14
364,1020,DDR4,4000,17,8.5,16,2,11.812,288-pin DIMM (DDR4),Black,1.35,1,11/22/2024 21:14,11/22/2024 21:14
365,1021,DDR4,3200,16,10,16,2,2.687,288-pin DIMM (DDR4),Black / White,1.35,1,11/22/2024 21:14,11/22/2024 21:14
366,1022,DDR4,3600,18,10,64,2,2.187,288-pin DIMM (DDR4),Silver,1.35,1,11/22/2024 21:14,11/22/2024 21:14
367,1023,DDR4,3000,16,10.667,32,2,1.656,288-pin DIMM (DDR4),Red / Black,1.35,0,11/22/2024 21:14,11/22/2024 21:14
368,1024,DDR4,4000,16,8,32,2,21.172,288-pin DIMM (DDR4),Black,1.4,1,11/22/2024 21:14,11/22/2024 21:14
369,1025,DDR4,3600,16,8.889,16,2,3.712,288-pin DIMM (DDR4),Black,1.35,1,11/22/2024 21:14,11/22/2024 21:14
370,1026,DDR4,3200,14,8.75,32,2,5.455,288-pin DIMM (DDR4),Black,1.35,1,11/22/2024 21:14,11/22/2024 21:14
371,1027,DDR4,3200,16,10,64,2,1.875,288-pin DIMM (DDR4),Black,1.35,1,11/22/2024 21:14,11/22/2024 21:14
372,1028,DDR4,4400,18,8.182,16,2,4.062,288-pin DIMM (DDR4),Black,1.5,1,11/22/2024 21:14,11/22/2024 21:14
373,1029,DDR4,3600,19,10.556,32,2,1.875,288-pin DIMM (DDR4),Red / Black,1.35,1,11/22/2024 21:14,11/22/2024 21:14
374,1030,DDR4,3200,16,10,32,2,2.687,288-pin DIMM (DDR4),Silver,1.35,1,11/22/2024 21:14,11/22/2024 21:14
375,1031,DDR4,2400,15,12.5,8,2,3.624,288-pin DIMM (DDR4),Black / Red,1.2,1,11/22/2024 21:14,11/22/2024 21:14
376,1032,DDR4,2133,15,14.065,16,2,2.146,288-pin DIMM (DDR4),Black / Red,1.2,1,11/22/2024 21:14,11/22/2024 21:14
377,1033,DDR4,3600,18,10,16,2,3.124,288-pin DIMM (DDR4),Black / Silver,1.35,1,11/22/2024 21:14,11/22/2024 21:14
378,1034,DDR4,4800,20,8.333,32,2,7.046,288-pin DIMM (DDR4),Silver,1.55,1,11/22/2024 21:14,11/22/2024 21:14
379,1035,DDR4,3200,16,10,32,2,2.343,288-pin DIMM (DDR4),Silver / Black,1.35,1,11/22/2024 21:14,11/22/2024 21:14
380,1036,DDR4,3800,14,7.368,16,2,37.499,288-pin DIMM (DDR4),Black / Silver,1.5,1,11/22/2024 21:14,11/22/2024 21:14
381,1037,DDR4,2666,15,11.253,16,2,2.312,288-pin DIMM (DDR4),Black / Red,1.2,1,11/22/2024 21:14,11/22/2024 21:14
382,1038,DDR4,2400,17,14.167,8,2,3.096,288-pin DIMM (DDR4),Black,1.2,0,11/22/2024 21:14,11/22/2024 21:14
383,1039,DDR4,3200,16,10,16,2,2.187,288-pin DIMM (DDR4),Black,1.35,1,11/22/2024 21:14,11/22/2024 21:14
384,1040,DDR4,2400,17,14.167,16,2,1.937,288-pin DIMM (DDR4),Red,1.2,1,11/22/2024 21:14,11/22/2024 21:14
385,1041,DDR5,5200,40,15.385,16,2,3.437,288-pin DIMM (DDR5),Black,1.25,1,11/22/2024 21:36,11/22/2024 21:36
386,1042,DDR5,6000,30,10,32,2,3.437,288-pin DIMM (DDR5),Black,1.4,1,11/22/2024 21:36,11/22/2024 21:36
387,1043,DDR5,6000,36,12,32,2,4.374,288-pin DIMM (DDR5),Black,1.35,1,11/22/2024 21:36,11/22/2024 21:36
388,1044,DDR5,6000,36,12,16,2,5.123,288-pin DIMM (DDR5),Black,1.35,1,11/22/2024 21:36,11/22/2024 21:36
389,1045,DDR5,6000,36,12,32,2,4.375,288-pin DIMM (DDR5),Black,1.35,1,11/22/2024 21:36,11/22/2024 21:36
390,1046,DDR5,6000,30,10,32,2,3.656,288-pin DIMM (DDR5),White,1.4,1,11/22/2024 21:36,11/22/2024 21:36
391,1047,DDR5,6000,30,10,16,2,4.527,288-pin DIMM (DDR5),Black,1.4,1,11/22/2024 21:36,11/22/2024 21:36
392,1048,DDR5,6000,30,10,64,2,3.472,288-pin DIMM (DDR5),Black,1.4,1,11/22/2024 21:36,11/22/2024 21:36
393,1049,DDR5,5600,36,12.857,32,2,3.031,288-pin DIMM (DDR5),Black,1.25,1,11/22/2024 21:36,11/22/2024 21:36
394,1050,DDR5,5600,36,12.857,16,2,4.215,288-pin DIMM (DDR5),Black / Silver,1.25,1,11/22/2024 21:36,11/22/2024 21:36
395,1051,DDR5,6000,40,13.333,16,2,4.965,288-pin DIMM (DDR5),Black,1.35,1,11/22/2024 21:36,11/22/2024 21:36
396,1052,DDR5,6000,36,12,16,2,4.461,288-pin DIMM (DDR5),Black / Silver,1.35,1,11/22/2024 21:36,11/22/2024 21:36
397,1053,DDR5,6000,30,10,32,2,3.656,288-pin DIMM (DDR5),Black,1.4,1,11/22/2024 21:36,11/22/2024 21:36
398,1054,DDR5,6000,36,12,64,2,3.109,288-pin DIMM (DDR5),Black,1.35,1,11/22/2024 21:36,11/22/2024 21:36
399,1055,DDR5,6000,30,10,16,2,4.641,288-pin DIMM (DDR5),Black,1.4,1,11/22/2024 21:36,11/22/2024 21:36
400,1056,DDR5,5200,40,15.385,32,2,3.125,288-pin DIMM (DDR5),Black / Silver,1.25,1,11/22/2024 21:36,11/22/2024 21:36
401,1057,DDR5,8000,36,9,48,2,7.083,288-pin DIMM (DDR5),Black / Red,1.45,1,11/22/2024 21:36,11/22/2024 21:36
402,1058,DDR5,6000,30,10,64,2,3.646,288-pin DIMM (DDR5),White,1.4,1,11/22/2024 21:36,11/22/2024 21:36
403,1059,DDR5,6000,30,10,64,2,3.125,288-pin DIMM (DDR5),White,1.4,1,11/22/2024 21:36,11/22/2024 21:36
404,1060,DDR5,5600,36,12.857,16,2,3.749,288-pin DIMM (DDR5),Black,1.25,1,11/22/2024 21:36,11/22/2024 21:36
405,1061,DDR5,5200,40,15.385,16,2,4.061,288-pin DIMM (DDR5),Black,1.25,1,11/22/2024 21:36,11/22/2024 21:36
406,1062,DDR5,6000,30,10,32,2,3.829,288-pin DIMM (DDR5),White,1.4,1,11/22/2024 21:36,11/22/2024 21:36
407,1063,DDR5,5200,36,13.846,16,2,3.437,288-pin DIMM (DDR5),Black / Silver,1.25,1,11/22/2024 21:36,11/22/2024 21:36
408,1064,DDR5,5600,40,14.286,16,2,4.022,288-pin DIMM (DDR5),Black,1.25,1,11/22/2024 21:36,11/22/2024 21:36
409,1065,DDR5,5600,36,12.857,32,2,3.594,288-pin DIMM (DDR5),Black,1.25,1,11/22/2024 21:36,11/22/2024 21:36
410,1066,DDR5,6000,32,10.667,32,2,3,288-pin DIMM (DDR5),Silver / Black,1.35,1,11/22/2024 21:36,11/22/2024 21:36
411,1067,DDR5,6000,30,10,64,2,3.281,288-pin DIMM (DDR5),Black,1.4,1,11/22/2024 21:36,11/22/2024 21:36
412,1068,DDR5,5200,36,13.846,32,2,2.968,288-pin DIMM (DDR5),Black,1.25,1,11/22/2024 21:36,11/22/2024 21:36
413,1069,DDR5,6000,30,10,16,2,5.855,288-pin DIMM (DDR5),Black,1.4,1,11/22/2024 21:36,11/22/2024 21:36
414,1070,DDR5,6000,30,10,32,2,3.821,288-pin DIMM (DDR5),Black,1.4,1,11/22/2024 21:36,11/22/2024 21:36
415,1071,DDR5,5600,40,14.286,64,2,2.844,288-pin DIMM (DDR5),Black,1.25,1,11/22/2024 21:36,11/22/2024 21:36
416,1072,DDR5,5600,40,14.286,32,2,2.968,288-pin DIMM (DDR5),Black,1.25,1,11/22/2024 21:36,11/22/2024 21:36
417,1073,DDR5,6000,32,10.667,96,2,3.021,288-pin DIMM (DDR5),Silver / Black,1.35,1,11/22/2024 21:36,11/22/2024 21:36
418,1074,DDR5,5600,40,14.286,16,2,4.186,288-pin DIMM (DDR5),Black,1.25,1,11/22/2024 21:36,11/22/2024 21:36
419,1075,DDR5,6000,36,12,64,2,3.094,288-pin DIMM (DDR5),Black / Silver,1.35,1,11/22/2024 21:36,11/22/2024 21:36
420,1076,DDR5,6000,32,10.667,32,2,4.531,288-pin DIMM (DDR5),Silver / Black,1.35,1,11/22/2024 21:36,11/22/2024 21:36
421,1077,DDR5,6400,32,10,64,2,4.173,288-pin DIMM (DDR5),Black,1.4,1,11/22/2024 21:36,11/22/2024 21:36
422,1078,DDR5,5200,36,13.846,16,2,4.124,288-pin DIMM (DDR5),Black,1.25,1,11/22/2024 21:36,11/22/2024 21:36
423,1079,DDR5,5200,36,13.846,32,2,3.343,288-pin DIMM (DDR5),Black,1.25,1,11/22/2024 21:36,11/22/2024 21:36
424,1080,DDR5,6400,32,10,96,2,3.698,288-pin DIMM (DDR5),Silver / Black,1.4,1,11/22/2024 21:36,11/22/2024 21:36
425,1081,DDR5,6400,32,10,64,2,3.906,288-pin DIMM (DDR5),Black,1.4,1,11/22/2024 21:36,11/22/2024 21:36
426,1082,DDR5,6000,40,13.333,16,2,4.999,288-pin DIMM (DDR5),Black,1.35,1,11/22/2024 21:36,11/22/2024 21:36
427,1083,DDR5,6000,30,10,64,2,3.834,288-pin DIMM (DDR5),Black,1.4,1,11/22/2024 21:36,11/22/2024 21:36
428,1084,DDR5,6000,30,10,32,2,4.337,288-pin DIMM (DDR5),White,1.4,1,11/22/2024 21:36,11/22/2024 21:36
429,1085,DDR5,6000,32,10.667,96,2,3.125,288-pin DIMM (DDR5),Silver / Black,1.35,1,11/22/2024 21:36,11/22/2024 21:36
430,1086,DDR5,6000,40,13.333,32,2,3.737,288-pin DIMM (DDR5),Black,1.25,1,11/22/2024 21:36,11/22/2024 21:36
431,1087,DDR5,6400,32,10,96,2,3.854,288-pin DIMM (DDR5),Silver / Black,1.4,1,11/22/2024 21:36,11/22/2024 21:36
432,1088,DDR5,5200,40,15.385,64,2,2.733,288-pin DIMM (DDR5),Black,1.25,1,11/22/2024 21:36,11/22/2024 21:36
433,1089,DDR5,4800,38,15.833,32,2,3.263,288-pin DIMM (DDR5),Black / Silver,1.1,1,11/22/2024 21:36,11/22/2024 21:36
434,1090,DDR5,5600,36,12.857,64,2,3.189,288-pin DIMM (DDR5),Black,1.25,1,11/22/2024 21:36,11/22/2024 21:36
435,1091,DDR5,6000,30,10,16,2,5.202,288-pin DIMM (DDR5),Black,1.4,1,11/22/2024 21:36,11/22/2024 21:36
436,1092,DDR5,5600,36,12.857,32,2,3.281,288-pin DIMM (DDR5),White,1.25,1,11/22/2024 21:36,11/22/2024 21:36
437,1093,DDR5,4800,38,15.833,16,2,6.791,288-pin DIMM (DDR5),Black,1.1,1,11/22/2024 21:36,11/22/2024 21:36
438,1094,DDR5,6400,32,10,32,2,3.906,288-pin DIMM (DDR5),Silver / Black,1.4,1,11/22/2024 21:36,11/22/2024 21:36
439,1095,DDR5,6000,36,12,64,2,3.359,288-pin DIMM (DDR5),White,1.35,1,11/22/2024 21:36,11/22/2024 21:36
440,1096,DDR5,6400,32,10,64,2,3.906,288-pin DIMM (DDR5),White,1.4,1,11/22/2024 21:36,11/22/2024 21:36
441,1097,DDR5,5600,40,14.286,64,2,2.969,288-pin DIMM (DDR5),Black,1.25,1,11/22/2024 21:36,11/22/2024 21:36
442,1098,DDR5,6400,32,10,32,2,6.032,288-pin DIMM (DDR5),Black,1.4,1,11/22/2024 21:36,11/22/2024 21:36
443,1099,DDR5,6400,32,10,32,2,4.375,288-pin DIMM (DDR5),Black,1.4,1,11/22/2024 21:36,11/22/2024 21:36
444,1100,DDR5,8000,38,9.5,32,2,7.5,288-pin DIMM (DDR5),Silver / Black,1.45,1,11/22/2024 21:36,11/22/2024 21:36
445,1101,DDR5,6000,30,10,32,2,4.155,288-pin DIMM (DDR5),Black,1.4,1,11/22/2024 21:36,11/22/2024 21:36
446,1102,DDR5,6000,40,13.333,32,2,4.008,288-pin DIMM (DDR5),Black,1.35,1,11/22/2024 21:36,11/22/2024 21:36
447,1103,DDR5,6400,32,10,64,2,3.771,288-pin DIMM (DDR5),Black,1.4,1,11/22/2024 21:36,11/22/2024 21:36
448,1104,DDR5,5200,40,15.385,64,2,2.5,288-pin DIMM (DDR5),Black,1.25,1,11/22/2024 21:36,11/22/2024 21:36
449,1105,DDR5,6000,32,10.667,64,2,4.295,288-pin DIMM (DDR5),White / Silver,1.35,1,11/22/2024 21:36,11/22/2024 21:36
450,1106,DDR5,7200,38,10.556,32,2,6.25,288-pin DIMM (DDR5),White / Silver,1.45,1,11/22/2024 21:36,11/22/2024 21:36
451,1107,DDR5,6400,32,10,32,2,4.062,288-pin DIMM (DDR5),Black,1.4,1,11/22/2024 21:36,11/22/2024 21:36
452,1108,DDR5,8000,38,9.5,32,2,8.125,288-pin DIMM (DDR5),Silver / Black,1.45,1,11/22/2024 21:36,11/22/2024 21:36
453,1109,DDR5,6000,40,13.333,64,2,3.125,288-pin DIMM (DDR5),Black,1.25,1,11/22/2024 21:36,11/22/2024 21:36
454,1110,DDR5,6000,40,13.333,64,2,3.585,288-pin DIMM (DDR5),Black,1.35,1,11/22/2024 21:36,11/22/2024 21:36
455,1111,DDR5,6400,32,10,64,2,4.433,288-pin DIMM (DDR5),White,1.4,1,11/22/2024 21:36,11/22/2024 21:36
456,1112,DDR5,6000,30,10,64,2,3.867,288-pin DIMM (DDR5),Black,1.4,1,11/22/2024 21:36,11/22/2024 21:36
457,1113,DDR5,5600,40,14.286,32,2,3.218,288-pin DIMM (DDR5),Black,1.25,1,11/22/2024 21:36,11/22/2024 21:36
458,1114,DDR5,6400,32,10,32,2,5.459,288-pin DIMM (DDR5),White,1.4,1,11/22/2024 21:36,11/22/2024 21:36
459,1115,DDR4,3200,16,10,16,2,2.727,288-pin DIMM (DDR4),Black,1.35,1,11/22/2024 22:02,11/22/2024 22:02
460,1116,DDR4,3200,16,10,32,2,1.687,288-pin DIMM (DDR4),Black,1.35,1,11/22/2024 22:02,11/22/2024 22:02
461,1117,DDR4,3200,16,10,32,2,2.187,288-pin DIMM (DDR4),Black,1.35,1,11/22/2024 22:02,11/22/2024 22:02
462,1118,DDR4,3600,17,9.444,16,2,2.297,288-pin DIMM (DDR4),Black,1.35,1,11/22/2024 22:02,11/22/2024 22:02
463,1119,DDR4,3600,18,10,32,2,1.875,288-pin DIMM (DDR4),Black,1.35,1,11/22/2024 22:02,11/22/2024 22:02
464,1120,DDR4,3600,18,10,32,2,2.187,288-pin DIMM (DDR4),Black,1.35,1,11/22/2024 22:02,11/22/2024 22:02
465,1121,DDR4,3200,16,10,64,2,1.64,288-pin DIMM (DDR4),Black / Silver,1.35,1,11/22/2024 22:02,11/22/2024 22:02
466,1122,DDR4,3600,17,9.444,16,2,3.693,288-pin DIMM (DDR4),Black,1.35,1,11/22/2024 22:02,11/22/2024 22:02
467,1123,DDR4,3200,16,10,32,2,5.4,288-pin DIMM (DDR4),Black,1.35,1,11/22/2024 22:02,11/22/2024 22:02
468,1124,DDR4,5000,19,7.6,16,2,12.499,288-pin DIMM (DDR4),Black,1.55,1,11/22/2024 22:02,11/22/2024 22:02
469,1125,DDR4,3600,18,10,32,2,2.899,288-pin DIMM (DDR4),White,1.35,1,11/22/2024 22:02,11/22/2024 22:02
470,1126,DDR4,3200,16,10,16,2,3.061,288-pin DIMM (DDR4),White,1.35,1,11/22/2024 22:02,11/22/2024 22:02
471,1127,DDR4,3200,16,10,32,2,2.699,288-pin DIMM (DDR4),White,1.35,1,11/22/2024 22:02,11/22/2024 22:02
472,1128,DDR4,3600,18,10,64,2,1.953,288-pin DIMM (DDR4),Black / Silver,1.35,1,11/22/2024 22:02,11/22/2024 22:02
473,1129,DDR4,2666,16,12.003,16,2,2.833,288-pin DIMM (DDR4),Black,1.2,1,11/22/2024 22:02,11/22/2024 22:02
474,1130,DDR4,3600,18,10,64,2,2.361,288-pin DIMM (DDR4),Black,1.35,1,11/22/2024 22:02,11/22/2024 22:02
475,1131,DDR4,3600,18,10,32,2,3.875,288-pin DIMM (DDR4),Black,1.35,1,11/22/2024 22:02,11/22/2024 22:02
476,1132,DDR4,3600,16,8.889,16,2,3.749,288-pin DIMM (DDR4),Black,1.35,1,11/22/2024 22:02,11/22/2024 22:02
477,1133,DDR4,2666,16,12.003,32,2,2.243,288-pin DIMM (DDR4),Black,1.2,1,11/22/2024 22:02,11/22/2024 22:02
478,1134,DDR4,3600,18,10,64,2,6.234,288-pin DIMM (DDR4),Black / Silver,1.35,1,11/22/2024 22:02,11/22/2024 22:02
479,1135,DDR4,3600,17,9.444,16,2,4.312,288-pin DIMM (DDR4),Black,1.35,1,11/22/2024 22:02,11/22/2024 22:02
480,1136,DDR4,3600,17,9.444,16,2,3.797,288-pin DIMM (DDR4),White,1.35,1,11/22/2024 22:02,11/22/2024 22:02
481,1137,DDR4,3733,19,10.179,32,2,3.382,288-pin DIMM (DDR4),Black,1.35,1,11/22/2024 22:02,11/22/2024 22:02
482,1138,DDR4,3200,20,12.5,32,2,1.812,260-pin SODIMM (DDR4),Black,1.2,0,11/22/2024 22:02,11/22/2024 22:02
483,1139,DDR4,2133,15,14.065,16,2,8.124,288-pin DIMM (DDR4),Black / Green,1.2,0,11/22/2024 22:02,11/22/2024 22:02
484,1140,DDR4,3200,20,12.5,16,2,2.643,260-pin SODIMM (DDR4),Black,1.2,0,11/22/2024 22:02,11/22/2024 22:02
485,1141,DDR4,3200,20,12.5,64,2,1.765,260-pin SODIMM (DDR4),Black,1.2,0,11/22/2024 22:02,11/22/2024 22:02
486,1142,DDR4,3200,16,10,64,2,2.945,288-pin DIMM (DDR4),Black,1.35,1,11/22/2024 22:02,11/22/2024 22:02
487,1143,DDR4,4800,19,7.917,16,2,20.961,288-pin DIMM (DDR4),Black,1.5,1,11/22/2024 22:02,11/22/2024 22:02
488,1144,DDR4,2666,16,12.003,64,2,2.328,288-pin DIMM (DDR4),Black,1.2,1,11/22/2024 22:02,11/22/2024 22:02
489,1145,DDR4,3200,16,10,16,2,6.249,288-pin DIMM (DDR4),Black,1.35,1,11/22/2024 22:02,11/22/2024 22:02
490,1146,DDR5,6000,36,12,32,2,2.625,288-pin DIMM (DDR5),['Black'],1.35,1,11/22/2024 22:44,11/22/2024 22:44
491,1147,DDR5,5600,46,16.429,32,2,2.499,288-pin DIMM (DDR5),['Black'],1.1,1,11/22/2024 22:44,11/22/2024 22:44
492,1148,DDR5,6000,36,12,32,2,2.781,288-pin DIMM (DDR5),['White'],1.35,1,11/22/2024 22:44,11/22/2024 22:44
493,1149,DDR5,4800,40,16.667,16,2,2.749,288-pin DIMM (DDR5),['Black'],1.1,0,11/22/2024 22:44,11/22/2024 22:44
494,1150,DDR5,5600,46,16.429,16,2,2.937,288-pin DIMM (DDR5),['Black'],1.1,0,11/22/2024 22:44,11/22/2024 22:44
495,1151,DDR5,5600,46,16.429,64,2,2.328,288-pin DIMM (DDR5),['Black'],1.1,1,11/22/2024 22:44,11/22/2024 22:44
496,1152,DDR5,5600,46,16.429,96,2,2.187,288-pin DIMM (DDR5),['Black'],1.1,1,11/22/2024 22:44,11/22/2024 22:44
497,1153,DDR5,6400,38,11.875,32,2,2.687,288-pin DIMM (DDR5),['Black'],1.35,1,11/22/2024 22:44,11/22/2024 22:44
498,1154,DDR5,4800,40,16.667,32,2,2.623,288-pin DIMM (DDR5),['Black'],1.1,0,11/22/2024 22:44,11/22/2024 22:44
499,1155,DDR5,6000,48,16,48,2,2.291,288-pin DIMM (DDR5),['Black'],1.1,1,11/22/2024 22:44,11/22/2024 22:44
500,1156,DDR5,5600,46,16.429,32,2,2.937,288-pin DIMM (DDR5),['Black'],1.1,0,11/22/2024 22:44,11/22/2024 22:44
501,1157,DDR5,4800,40,16.667,64,2,2.453,288-pin DIMM (DDR5),['Black'],1.1,0,11/22/2024 22:44,11/22/2024 22:44
502,1158,DDR5,6400,38,11.875,32,2,2.968,288-pin DIMM (DDR5),['White'],1.35,1,11/22/2024 22:44,11/22/2024 22:44
503,1159,DDR5,5600,46,16.429,48,2,2.083,288-pin DIMM (DDR5),['Black'],1.1,1,11/22/2024 22:44,11/22/2024 22:44
504,1160,DDR5,5600,46,16.429,32,2,2.499,262-pin SODIMM (DDR5),['Black'],1.1,0,11/22/2024 22:44,11/22/2024 22:44
505,1161,DDR5,5200,42,16.154,16,2,3.499,288-pin DIMM (DDR5),['Black'],1.1,0,11/22/2024 22:44,11/22/2024 22:44
506,1162,DDR5,5600,46,16.429,96,2,2.135,262-pin SODIMM (DDR5),['Black'],1.1,0,11/22/2024 22:44,11/22/2024 22:44
507,1163,DDR5,5600,46,16.429,16,2,2.937,262-pin SODIMM (DDR5),['Black'],1.1,0,11/22/2024 22:44,11/22/2024 22:44
508,1164,DDR5,4800,40,16.667,16,2,2.749,262-pin SODIMM (DDR5),['Black'],1.1,0,11/22/2024 22:44,11/22/2024 22:44
509,1165,DDR5,5600,46,16.429,64,2,2.75,288-pin DIMM (DDR5),['Black'],1.1,0,11/22/2024 22:44,11/22/2024 22:44
510,1166,DDR5,5200,42,16.154,32,2,3.25,288-pin DIMM (DDR5),['Black'],1.1,0,11/22/2024 22:44,11/22/2024 22:44
511,1167,DDR5,4800,40,16.667,32,2,2.624,262-pin SODIMM (DDR5),['Black'],1.1,0,11/22/2024 22:44,11/22/2024 22:44
512,1168,DDR5,5600,46,16.429,64,2,2.5,262-pin SODIMM (DDR5),['Black'],1.1,0,11/22/2024 22:44,11/22/2024 22:44
513,1169,DDR5,5200,42,16.154,64,2,2.969,288-pin DIMM (DDR5),['Black'],1.1,0,11/22/2024 22:44,11/22/2024 22:44
514,1170,DDR5,5200,42,16.154,64,2,2.945,262-pin SODIMM (DDR5),['Black'],1.1,0,11/22/2024 22:44,11/22/2024 22:44
515,1171,DDR5,5600,46,16.429,48,2,2.416,262-pin SODIMM (DDR5),['Black'],1.1,0,11/22/2024 22:44,11/22/2024 22:44
516,1172,DDR5,5200,42,16.154,16,2,2.812,262-pin SODIMM (DDR5),['Black'],1.1,0,11/22/2024 22:44,11/22/2024 22:44
517,1173,DDR5,5200,42,16.154,32,2,4.342,262-pin SODIMM (DDR5),['Black'],1.1,0,11/22/2024 22:44,11/22/2024 22:44
518,1174,DDR5,4800,40,16.667,64,2,2.328,262-pin SODIMM (DDR5),['Black'],1.1,0,11/22/2024 22:44,11/22/2024 22:44
519,1175,DDR4,3200,22,13.75,32,2,1.343,288-pin DIMM (DDR4),Black,1.2,1,11/22/2024 23:06,11/22/2024 23:06
520,1176,DDR4,3200,22,13.75,64,2,1.344,288-pin DIMM (DDR4),Black / Green,1.2,1,11/22/2024 23:06,11/22/2024 23:06
521,1177,DDR4,3200,22,13.75,16,2,1.871,288-pin DIMM (DDR4),Green,1.2,0,11/22/2024 23:06,11/22/2024 23:06
522,1178,DDR4,5100,19,7.451,16,2,62.188,288-pin DIMM (DDR4),Black,1.5,1,11/22/2024 23:06,11/22/2024 23:06
523,1179,DDR4,3200,22,13.75,32,2,1.718,288-pin DIMM (DDR4),Green / Black,1.2,0,11/22/2024 23:06,11/22/2024 23:06
524,1180,DDR4,3200,22,13.75,64,2,1.93,288-pin DIMM (DDR4),Green / Black,1.2,0,11/22/2024 23:06,11/22/2024 23:06
525,1181,DDR4,2400,17,14.167,16,2,1.999,288-pin DIMM (DDR4),Green / Black,1.2,0,11/22/2024 23:06,11/22/2024 23:06
526,1182,DDR4,2666,19,14.254,16,2,2.375,288-pin DIMM (DDR4),Green,1.2,0,11/22/2024 23:06,11/22/2024 23:06
527,1183,DDR4,2400,16,13.333,8,2,7.374,288-pin DIMM (DDR4),Gray,1.2,1,11/22/2024 23:06,11/22/2024 23:06
528,1184,DDR4,2133,15,14.065,32,2,2.092,288-pin DIMM (DDR4),Green,1.2,0,11/22/2024 23:06,11/22/2024 23:06
529,1185,DDR4,3200,16,10,16,2,7.187,288-pin DIMM (DDR4),Red,1.35,1,11/22/2024 23:06,11/22/2024 23:06
530,1186,DDR4,2400,17,14.167,8,2,4.121,288-pin DIMM (DDR4),Green,1.2,0,11/22/2024 23:06,11/22/2024 23:06
531,1187,DDR4,3200,16,10,16,2,7.187,288-pin DIMM (DDR4),White,1.35,1,11/22/2024 23:06,11/22/2024 23:06
532,1188,DDR4,2666,19,14.254,32,2,2.125,288-pin DIMM (DDR4),Green / Black,1.2,0,11/22/2024 23:06,11/22/2024 23:06
533,1189,DDR4,3600,16,8.889,16,2,7.749,288-pin DIMM (DDR4),Red,1.35,1,11/22/2024 23:06,11/22/2024 23:06
534,1190,DDR4,3200,22,13.75,32,2,1.687,260-pin SODIMM (DDR4),Green,1.2,0,11/22/2024 23:06,11/22/2024 23:06
535,1191,DDR4,2666,19,14.254,32,2,3.125,288-pin DIMM (DDR4),Green / Black,1.2,0,11/22/2024 23:06,11/22/2024 23:06
536,1192,DDR4,2666,19,14.254,8,2,3.874,288-pin DIMM (DDR4),Green,1.2,0,11/22/2024 23:06,11/22/2024 23:06
537,1193,DDR4,2133,15,14.065,32,2,2.812,288-pin DIMM (DDR4),Black / Green,1.2,0,11/22/2024 23:06,11/22/2024 23:06
538,1194,DDR4,3200,22,13.75,16,2,2.403,288-pin DIMM (DDR4),Green / Black,1.2,0,11/22/2024 23:06,11/22/2024 23:06
539,1195,DDR4,4000,18,9,16,2,18.688,288-pin DIMM (DDR4),Black,1.35,1,11/22/2024 23:06,11/22/2024 23:06
540,1196,DDR4,3200,22,13.75,32,2,1.875,288-pin DIMM (DDR4),Green / Black,1.2,0,11/22/2024 23:06,11/22/2024 23:06
541,1197,DDR4,2133,15,14.065,16,2,6.249,288-pin DIMM (DDR4),Black / Green,1.2,0,11/22/2024 23:06,11/22/2024 23:06
542,1198,DDR4,2666,19,14.254,32,2,2.475,288-pin DIMM (DDR4),Green,1.2,0,11/22/2024 23:06,11/22/2024 23:06
543,1199,DDR4,2666,16,12.003,16,2,9.394,288-pin DIMM (DDR4),Black,1.2,1,11/22/2024 23:06,11/22/2024 23:06
